event_id,timestamp,minutes,home_score,away_score,chl_line,chl_hi,chl_low
20200214FRI29,2020-02-15 08:10:51,0:00:51,vs,vs,9.5,2.10,1.65
20200214FRI29,2020-02-15 08:10:51,0:00:51,vs,vs,10.5,2.65,1.42
20200214FRI29,2020-02-15 08:10:51,0:00:51,vs,vs,12.5,4.85,1.14
20200214FRI29,2020-02-15 08:11:01,0:01:01,vs,vs,9.5,2.10,1.65
20200214FRI29,2020-02-15 08:11:01,0:01:01,vs,vs,10.5,2.65,1.42
20200214FRI29,2020-02-15 08:11:01,0:01:01,vs,vs,12.5,4.85,1.14
20200214FRI29,2020-02-15 08:11:12,0:01:12,vs,vs,9.5,2.10,1.65
20200214FRI29,2020-02-15 08:11:12,0:01:12,vs,vs,10.5,2.65,1.42
20200214FRI29,2020-02-15 08:11:12,0:01:12,vs,vs,12.5,4.85,1.14
20200214FRI29,2020-02-15 08:11:22,0:01:22,vs,vs,9.5,2.10,1.65
20200214FRI29,2020-02-15 08:11:22,0:01:22,vs,vs,10.5,2.65,1.42
20200214FRI29,2020-02-15 08:11:22,0:01:22,vs,vs,12.5,4.85,1.14
20200214FRI29,2020-02-15 08:11:33,0:01:33,vs,vs,9.5,2.10,1.65
20200214FRI29,2020-02-15 08:11:33,0:01:33,vs,vs,10.5,2.65,1.42
20200214FRI29,2020-02-15 08:11:33,0:01:33,vs,vs,12.5,4.85,1.14
20200214FRI29,2020-02-15 08:11:43,0:01:43,vs,vs,9.5,2.10,1.65
20200214FRI29,2020-02-15 08:11:43,0:01:43,vs,vs,10.5,2.65,1.42
20200214FRI29,2020-02-15 08:11:43,0:01:43,vs,vs,12.5,4.85,1.14
20200214FRI29,2020-02-15 08:11:53,0:01:53,vs,vs,9.5,2.10,1.65
20200214FRI29,2020-02-15 08:11:53,0:01:53,vs,vs,10.5,2.65,1.42
20200214FRI29,2020-02-15 08:11:53,0:01:53,vs,vs,12.5,4.85,1.14
20200214FRI29,2020-02-15 08:12:04,0:02:04,vs,vs,9.5,2.10,1.65
20200214FRI29,2020-02-15 08:12:04,0:02:04,vs,vs,10.5,2.65,1.42
20200214FRI29,2020-02-15 08:12:04,0:02:04,vs,vs,12.5,4.85,1.14
20200214FRI29,2020-02-15 08:12:14,0:02:14,vs,vs,9.5,2.10,1.65
20200214FRI29,2020-02-15 08:12:14,0:02:14,vs,vs,10.5,2.65,1.42
20200214FRI29,2020-02-15 08:12:14,0:02:14,vs,vs,12.5,4.85,1.14
20200214FRI29,2020-02-15 08:12:25,0:02:25,0,0,8.5,1.67,2.07
20200214FRI29,2020-02-15 08:12:25,0:02:25,0,0,9.5,2.10,1.65
20200214FRI29,2020-02-15 08:12:35,0:02:35,0,0,8.5,1.67,2.07
20200214FRI29,2020-02-15 08:12:35,0:02:35,0,0,9.5,2.10,1.65
20200214FRI29,2020-02-15 08:12:46,0:02:46,0,0,8.5,1.67,2.07
20200214FRI29,2020-02-15 08:12:46,0:02:46,0,0,9.5,2.10,1.65
20200214FRI29,2020-02-15 08:12:56,0:02:56,0,0,8.5,1.67,2.07
20200214FRI29,2020-02-15 08:12:56,0:02:56,0,0,9.5,2.10,1.65
20200214FRI29,2020-02-15 08:13:06,0:03:06,0,0,8.5,1.67,2.07
20200214FRI29,2020-02-15 08:13:06,0:03:06,0,0,9.5,2.10,1.65
20200214FRI29,2020-02-15 08:13:16,0:03:16,0,0,8.5,1.67,2.07
20200214FRI29,2020-02-15 08:13:16,0:03:16,0,0,9.5,2.10,1.65
20200214FRI29,2020-02-15 08:13:26,0:03:26,0,0,8.5,1.67,2.07
20200214FRI29,2020-02-15 08:13:26,0:03:26,0,0,9.5,2.10,1.65
20200214FRI29,2020-02-15 08:13:37,0:03:37,0,0,8.5,1.67,2.07
20200214FRI29,2020-02-15 08:13:37,0:03:37,0,0,9.5,2.10,1.65
20200214FRI29,2020-02-15 08:13:47,0:03:47,0,0,8.5,1.74,1.97
20200214FRI29,2020-02-15 08:13:47,0:03:47,0,0,9.5,2.20,1.59
20200214FRI29,2020-02-15 08:13:57,0:03:57,0,0,8.5,1.74,1.97
20200214FRI29,2020-02-15 08:13:57,0:03:57,0,0,9.5,2.20,1.59
20200214FRI29,2020-02-15 08:14:07,0:04:07,0,0,8.5,1.74,1.97
20200214FRI29,2020-02-15 08:14:07,0:04:07,0,0,9.5,2.20,1.59
20200214FRI29,2020-02-15 08:14:18,0:04:18,0,0,8.5,1.74,1.97
20200214FRI29,2020-02-15 08:14:18,0:04:18,0,0,9.5,2.20,1.59
20200214FRI29,2020-02-15 08:14:28,0:04:28,0,0,8.5,1.74,1.97
20200214FRI29,2020-02-15 08:14:28,0:04:28,0,0,9.5,2.20,1.59
20200214FRI29,2020-02-15 08:14:38,0:04:38,0,0,8.5,1.74,1.97
20200214FRI29,2020-02-15 08:14:38,0:04:38,0,0,9.5,2.20,1.59
20200214FRI29,2020-02-15 08:14:48,0:04:48,0,0,8.5,1.74,1.97
20200214FRI29,2020-02-15 08:14:48,0:04:48,0,0,9.5,2.20,1.59
20200214FRI29,2020-02-15 08:14:58,0:04:58,0,0,8.5,1.80,1.90
20200214FRI29,2020-02-15 08:14:58,0:04:58,0,0,9.5,2.30,1.54
20200214FRI29,2020-02-15 08:15:09,0:05:09,0,0,8.5,1.80,1.90
20200214FRI29,2020-02-15 08:15:09,0:05:09,0,0,9.5,2.30,1.54
20200214FRI29,2020-02-15 08:15:19,0:05:19,0,0,8.5,1.80,1.90
20200214FRI29,2020-02-15 08:15:19,0:05:19,0,0,9.5,2.30,1.54
20200214FRI29,2020-02-15 08:15:29,0:05:29,0,0,8.5,1.80,1.90
20200214FRI29,2020-02-15 08:15:29,0:05:29,0,0,9.5,2.30,1.54
20200214FRI29,2020-02-15 08:15:39,0:05:39,0,0,8.5,1.80,1.90
20200214FRI29,2020-02-15 08:15:39,0:05:39,0,0,9.5,2.30,1.54
20200214FRI29,2020-02-15 08:15:50,0:05:50,0,0,8.5,1.80,1.90
20200214FRI29,2020-02-15 08:15:50,0:05:50,0,0,9.5,2.30,1.54
20200214FRI29,2020-02-15 08:16:00,0:06:00,0,0,8.5,1.80,1.90
20200214FRI29,2020-02-15 08:16:00,0:06:00,0,0,9.5,2.30,1.54
20200214FRI29,2020-02-15 08:16:10,0:06:10,0,0,8.5,1.80,1.90
20200214FRI29,2020-02-15 08:16:10,0:06:10,0,0,9.5,2.30,1.54
20200214FRI29,2020-02-15 08:16:20,0:06:20,0,0,8.5,1.80,1.90
20200214FRI29,2020-02-15 08:16:20,0:06:20,0,0,9.5,2.30,1.54
20200214FRI29,2020-02-15 08:16:30,0:06:30,0,0,8.5,1.88,1.82
20200214FRI29,2020-02-15 08:16:30,0:06:30,0,0,9.5,2.45,1.48
20200214FRI29,2020-02-15 08:16:41,0:06:41,0,0,8.5,1.88,1.82
20200214FRI29,2020-02-15 08:16:41,0:06:41,0,0,9.5,2.45,1.48
20200214FRI29,2020-02-15 08:16:51,0:06:51,0,0,8.5,1.88,1.82
20200214FRI29,2020-02-15 08:16:51,0:06:51,0,0,9.5,2.45,1.48
20200214FRI29,2020-02-15 08:17:01,0:07:01,0,0,8.5,1.88,1.82
20200214FRI29,2020-02-15 08:17:01,0:07:01,0,0,9.5,2.45,1.48
20200214FRI29,2020-02-15 08:17:11,0:07:11,0,0,8.5,1.88,1.82
20200214FRI29,2020-02-15 08:17:11,0:07:11,0,0,9.5,2.45,1.48
20200214FRI29,2020-02-15 08:17:21,0:07:21,0,0,8.5,1.88,1.82
20200214FRI29,2020-02-15 08:17:21,0:07:21,0,0,9.5,2.45,1.48
20200214FRI29,2020-02-15 08:17:32,0:07:32,0,0,8.5,1.88,1.82
20200214FRI29,2020-02-15 08:17:32,0:07:32,0,0,9.5,2.45,1.48
20200214FRI29,2020-02-15 08:17:42,0:07:42,0,0,8.5,1.88,1.82
20200214FRI29,2020-02-15 08:17:42,0:07:42,0,0,9.5,2.45,1.48
20200214FRI29,2020-02-15 08:17:52,0:07:52,0,0,8.5,1.88,1.82
20200214FRI29,2020-02-15 08:17:52,0:07:52,0,0,9.5,2.45,1.48
20200214FRI29,2020-02-15 08:18:02,0:08:02,0,0,8.5,1.95,1.75
20200214FRI29,2020-02-15 08:18:02,0:08:02,0,0,9.5,2.58,1.44
20200214FRI29,2020-02-15 08:18:12,0:08:12,0,0,8.5,1.95,1.75
20200214FRI29,2020-02-15 08:18:12,0:08:12,0,0,9.5,2.58,1.44
20200214FRI29,2020-02-15 08:18:23,0:08:23,0,0,8.5,1.95,1.75
20200214FRI29,2020-02-15 08:18:23,0:08:23,0,0,9.5,2.58,1.44
20200214FRI29,2020-02-15 08:18:33,0:08:33,0,0,8.5,1.95,1.75
20200214FRI29,2020-02-15 08:18:33,0:08:33,0,0,9.5,2.58,1.44
20200214FRI29,2020-02-15 08:18:43,0:08:43,0,0,8.5,1.95,1.75
20200214FRI29,2020-02-15 08:18:43,0:08:43,0,0,9.5,2.58,1.44
20200214FRI29,2020-02-15 08:18:53,0:08:53,0,0,8.5,1.95,1.75
20200214FRI29,2020-02-15 08:18:53,0:08:53,0,0,9.5,2.58,1.44
20200214FRI29,2020-02-15 08:19:03,0:09:03,0,0,8.5,1.95,1.75
20200214FRI29,2020-02-15 08:19:03,0:09:03,0,0,9.5,2.58,1.44
20200214FRI29,2020-02-15 08:19:14,0:09:14,0,0,8.5,1.95,1.75
20200214FRI29,2020-02-15 08:19:14,0:09:14,0,0,9.5,2.58,1.44
20200214FRI29,2020-02-15 08:19:24,0:09:24,0,0,8.5,1.95,1.75
20200214FRI29,2020-02-15 08:19:24,0:09:24,0,0,9.5,2.58,1.44
20200214FRI29,2020-02-15 08:19:34,0:09:34,0,0,8.5,1.95,1.75
20200214FRI29,2020-02-15 08:19:34,0:09:34,0,0,9.5,2.58,1.44
20200214FRI29,2020-02-15 08:19:45,0:09:45,0,0,8.5,2.04,1.69
20200214FRI29,2020-02-15 08:19:45,0:09:45,0,0,9.5,2.72,1.40
20200214FRI29,2020-02-15 08:19:55,0:09:55,0,0,8.5,2.04,1.69
20200214FRI29,2020-02-15 08:19:55,0:09:55,0,0,9.5,2.72,1.40
20200214FRI29,2020-02-15 08:20:05,0:10:05,0,0,8.5,2.04,1.69
20200214FRI29,2020-02-15 08:20:05,0:10:05,0,0,9.5,2.72,1.40
20200214FRI29,2020-02-15 08:20:15,0:10:15,0,0,8.5,2.04,1.69
20200214FRI29,2020-02-15 08:20:15,0:10:15,0,0,9.5,2.72,1.40
20200214FRI29,2020-02-15 08:20:26,0:10:26,0,0,8.5,2.04,1.69
20200214FRI29,2020-02-15 08:20:26,0:10:26,0,0,9.5,2.72,1.40
20200214FRI29,2020-02-15 08:20:36,0:10:36,0,0,8.5,2.04,1.69
20200214FRI29,2020-02-15 08:20:36,0:10:36,0,0,9.5,2.72,1.40
20200214FRI29,2020-02-15 08:20:46,0:10:46,0,0,8.5,2.04,1.69
20200214FRI29,2020-02-15 08:20:46,0:10:46,0,0,9.5,2.72,1.40
20200214FRI29,2020-02-15 08:20:56,0:10:56,0,0,8.5,2.04,1.69
20200214FRI29,2020-02-15 08:20:56,0:10:56,0,0,9.5,2.72,1.40
20200214FRI29,2020-02-15 08:21:06,0:11:06,0,0,8.5,2.04,1.69
20200214FRI29,2020-02-15 08:21:06,0:11:06,0,0,9.5,2.72,1.40
20200214FRI29,2020-02-15 08:21:17,0:11:17,0,0,8.5,2.04,1.69
20200214FRI29,2020-02-15 08:21:17,0:11:17,0,0,9.5,2.72,1.40
20200214FRI29,2020-02-15 08:21:27,0:11:27,0,0,7.5,1.67,2.07
20200214FRI29,2020-02-15 08:21:27,0:11:27,0,0,8.5,2.13,1.63
20200214FRI29,2020-02-15 08:21:37,0:11:37,0,0,7.5,1.67,2.07
20200214FRI29,2020-02-15 08:21:37,0:11:37,0,0,8.5,2.13,1.63
20200214FRI29,2020-02-15 08:21:47,0:11:47,0,0,7.5,1.67,2.07
20200214FRI29,2020-02-15 08:21:47,0:11:47,0,0,8.5,2.13,1.63
20200214FRI29,2020-02-15 08:21:57,0:11:57,0,0,7.5,1.67,2.07
20200214FRI29,2020-02-15 08:21:57,0:11:57,0,0,8.5,2.13,1.63
20200214FRI29,2020-02-15 08:22:08,0:12:08,0,0,7.5,1.67,2.07
20200214FRI29,2020-02-15 08:22:08,0:12:08,0,0,8.5,2.13,1.63
20200214FRI29,2020-02-15 08:22:18,0:12:18,0,0,7.5,1.67,2.07
20200214FRI29,2020-02-15 08:22:18,0:12:18,0,0,8.5,2.13,1.63
20200214FRI29,2020-02-15 08:22:28,0:12:28,0,0,7.5,1.67,2.07
20200214FRI29,2020-02-15 08:22:28,0:12:28,0,0,8.5,2.13,1.63
20200214FRI29,2020-02-15 08:22:38,0:12:38,0,0,7.5,1.67,2.07
20200214FRI29,2020-02-15 08:22:38,0:12:38,0,0,8.5,2.13,1.63
20200214FRI29,2020-02-15 08:22:49,0:12:49,0,0,7.5,1.67,2.07
20200214FRI29,2020-02-15 08:22:49,0:12:49,0,0,8.5,2.13,1.63
20200214FRI29,2020-02-15 08:22:59,0:12:59,0,0,7.5,1.67,2.07
20200214FRI29,2020-02-15 08:22:59,0:12:59,0,0,8.5,2.13,1.63
20200214FRI29,2020-02-15 08:23:09,0:13:09,0,0,7.5,1.73,1.98
20200214FRI29,2020-02-15 08:23:09,0:13:09,0,0,8.5,2.25,1.57
20200214FRI29,2020-02-15 08:23:19,0:13:19,0,0,7.5,1.73,1.98
20200214FRI29,2020-02-15 08:23:19,0:13:19,0,0,8.5,2.25,1.57
20200214FRI29,2020-02-15 08:23:30,0:13:30,0,0,7.5,1.73,1.98
20200214FRI29,2020-02-15 08:23:30,0:13:30,0,0,8.5,2.25,1.57
20200214FRI29,2020-02-15 08:23:40,0:13:40,0,0,7.5,1.73,1.98
20200214FRI29,2020-02-15 08:23:40,0:13:40,0,0,8.5,2.25,1.57
20200214FRI29,2020-02-15 08:23:50,0:13:50,0,0,7.5,1.73,1.98
20200214FRI29,2020-02-15 08:23:50,0:13:50,0,0,8.5,2.25,1.57
20200214FRI29,2020-02-15 08:24:00,0:14:00,0,0,7.5,1.73,1.98
20200214FRI29,2020-02-15 08:24:00,0:14:00,0,0,8.5,2.25,1.57
20200214FRI29,2020-02-15 08:24:11,0:14:11,0,0,7.5,1.73,1.98
20200214FRI29,2020-02-15 08:24:11,0:14:11,0,0,8.5,2.25,1.57
20200214FRI29,2020-02-15 08:24:21,0:14:21,0,0,7.5,1.73,1.98
20200214FRI29,2020-02-15 08:24:21,0:14:21,0,0,8.5,2.25,1.57
20200214FRI29,2020-02-15 08:24:31,0:14:31,0,0,7.5,1.73,1.98
20200214FRI29,2020-02-15 08:24:31,0:14:31,0,0,8.5,2.25,1.57
20200214FRI29,2020-02-15 08:24:41,0:14:41,0,0,7.5,1.73,1.98
20200214FRI29,2020-02-15 08:24:41,0:14:41,0,0,8.5,2.25,1.57
20200214FRI29,2020-02-15 08:24:52,0:14:52,0,0,7.5,1.73,1.98
20200214FRI29,2020-02-15 08:24:52,0:14:52,0,0,8.5,2.25,1.57
20200214FRI29,2020-02-15 08:25:02,0:15:02,0,0,7.5,1.79,1.91
20200214FRI29,2020-02-15 08:25:02,0:15:02,0,0,8.5,2.35,1.52
20200214FRI29,2020-02-15 08:25:12,0:15:12,0,0,7.5,1.81,1.89
20200214FRI29,2020-02-15 08:25:12,0:15:12,0,0,8.5,2.38,1.51
20200214FRI29,2020-02-15 08:25:23,0:15:23,0,0,7.5,1.81,1.89
20200214FRI29,2020-02-15 08:25:23,0:15:23,0,0,8.5,2.38,1.51
20200214FRI29,2020-02-15 08:25:33,0:15:33,0,0,7.5,1.81,1.89
20200214FRI29,2020-02-15 08:25:33,0:15:33,0,0,8.5,2.38,1.51
20200214FRI29,2020-02-15 08:25:43,0:15:43,0,0,7.5,1.81,1.89
20200214FRI29,2020-02-15 08:25:43,0:15:43,0,0,8.5,2.38,1.51
20200214FRI29,2020-02-15 08:25:53,0:15:53,0,0,7.5,1.81,1.89
20200214FRI29,2020-02-15 08:25:53,0:15:53,0,0,8.5,2.38,1.51
20200214FRI29,2020-02-15 08:26:04,0:16:04,0,0,7.5,1.81,1.89
20200214FRI29,2020-02-15 08:26:04,0:16:04,0,0,8.5,2.38,1.51
20200214FRI29,2020-02-15 08:26:14,0:16:14,0,0,7.5,1.81,1.89
20200214FRI29,2020-02-15 08:26:14,0:16:14,0,0,8.5,2.38,1.51
20200214FRI29,2020-02-15 08:26:24,0:16:24,0,0,7.5,1.81,1.89
20200214FRI29,2020-02-15 08:26:24,0:16:24,0,0,8.5,2.38,1.51
20200214FRI29,2020-02-15 08:26:34,0:16:34,0,0,7.5,1.81,1.89
20200214FRI29,2020-02-15 08:26:34,0:16:34,0,0,8.5,2.38,1.51
20200214FRI29,2020-02-15 08:26:45,0:16:45,0,0,7.5,1.88,1.82
20200214FRI29,2020-02-15 08:26:45,0:16:45,0,0,8.5,2.50,1.46
20200214FRI29,2020-02-15 08:26:55,0:16:55,0,0,7.5,1.88,1.82
20200214FRI29,2020-02-15 08:26:55,0:16:55,0,0,8.5,2.50,1.46
20200214FRI29,2020-02-15 08:27:05,0:17:05,0,0,7.5,1.88,1.82
20200214FRI29,2020-02-15 08:27:05,0:17:05,0,0,8.5,2.50,1.46
20200214FRI29,2020-02-15 08:27:16,0:17:16,0,0,7.5,1.88,1.82
20200214FRI29,2020-02-15 08:27:16,0:17:16,0,0,8.5,2.50,1.46
20200214FRI29,2020-02-15 08:27:26,0:17:26,0,0,7.5,1.88,1.82
20200214FRI29,2020-02-15 08:27:26,0:17:26,0,0,8.5,2.50,1.46
20200214FRI29,2020-02-15 08:27:36,0:17:36,0,0,7.5,1.95,1.75
20200214FRI29,2020-02-15 08:27:36,0:17:36,0,0,8.5,2.65,1.42
20200214FRI29,2020-02-15 08:27:46,0:17:46,0,0,7.5,1.95,1.75
20200214FRI29,2020-02-15 08:27:46,0:17:46,0,0,8.5,2.65,1.42
20200214FRI29,2020-02-15 08:27:57,0:17:57,0,0,7.5,1.95,1.75
20200214FRI29,2020-02-15 08:27:57,0:17:57,0,0,8.5,2.65,1.42
20200214FRI29,2020-02-15 08:28:07,0:18:07,0,0,7.5,1.95,1.75
20200214FRI29,2020-02-15 08:28:07,0:18:07,0,0,8.5,2.65,1.42
20200214FRI29,2020-02-15 08:28:17,0:18:17,0,0,7.5,1.95,1.75
20200214FRI29,2020-02-15 08:28:17,0:18:17,0,0,8.5,2.65,1.42
20200214FRI29,2020-02-15 08:28:27,0:18:27,0,0,7.5,1.95,1.75
20200214FRI29,2020-02-15 08:28:27,0:18:27,0,0,8.5,2.65,1.42
20200214FRI29,2020-02-15 08:28:38,0:18:38,0,0,7.5,1.95,1.75
20200214FRI29,2020-02-15 08:28:38,0:18:38,0,0,8.5,2.65,1.42
20200214FRI29,2020-02-15 08:28:48,0:18:48,0,0,7.5,2.02,1.70
20200214FRI29,2020-02-15 08:28:48,0:18:48,0,0,8.5,2.75,1.39
20200214FRI29,2020-02-15 08:28:59,0:18:59,0,0,7.5,2.02,1.70
20200214FRI29,2020-02-15 08:28:59,0:18:59,0,0,8.5,2.75,1.39
20200214FRI29,2020-02-15 08:29:09,0:19:09,0,0,7.5,2.02,1.70
20200214FRI29,2020-02-15 08:29:09,0:19:09,0,0,8.5,2.75,1.39
20200214FRI29,2020-02-15 08:29:20,0:19:20,0,0,7.5,2.02,1.70
20200214FRI29,2020-02-15 08:29:20,0:19:20,0,0,8.5,2.75,1.39
20200214FRI29,2020-02-15 08:29:30,0:19:30,0,0,7.5,2.02,1.70
20200214FRI29,2020-02-15 08:29:30,0:19:30,0,0,8.5,2.75,1.39
20200214FRI29,2020-02-15 08:29:40,0:19:40,0,0,7.5,2.02,1.70
20200214FRI29,2020-02-15 08:29:40,0:19:40,0,0,8.5,2.75,1.39
20200214FRI29,2020-02-15 08:29:51,0:19:51,0,0,7.5,2.02,1.70
20200214FRI29,2020-02-15 08:29:51,0:19:51,0,0,8.5,2.75,1.39
20200214FRI29,2020-02-15 08:30:02,0:20:02,0,0,7.5,2.02,1.70
20200214FRI29,2020-02-15 08:30:02,0:20:02,0,0,8.5,2.75,1.39
20200214FRI29,2020-02-15 08:30:13,0:20:13,0,0,7.5,2.12,1.64
20200214FRI29,2020-02-15 08:30:13,0:20:13,0,0,8.5,2.90,1.35
20200214FRI29,2020-02-15 08:30:23,0:20:23,0,0,7.5,2.12,1.64
20200214FRI29,2020-02-15 08:30:23,0:20:23,0,0,8.5,2.90,1.35
20200214FRI29,2020-02-15 08:30:33,0:20:33,0,0,7.5,2.12,1.64
20200214FRI29,2020-02-15 08:30:33,0:20:33,0,0,8.5,2.90,1.35
20200214FRI29,2020-02-15 08:30:44,0:20:44,0,0,7.5,2.12,1.64
20200214FRI29,2020-02-15 08:30:44,0:20:44,0,0,8.5,2.90,1.35
20200214FRI29,2020-02-15 08:30:54,0:20:54,0,0,7.5,2.12,1.64
20200214FRI29,2020-02-15 08:30:54,0:20:54,0,0,8.5,2.90,---
20200214FRI29,2020-02-15 08:31:45,0:21:45,0,0,7.5,1.65,2.10
20200214FRI29,2020-02-15 08:31:45,0:21:45,0,0,8.5,2.15,1.62
20200214FRI29,2020-02-15 08:31:55,0:21:55,0,0,7.5,1.65,2.10
20200214FRI29,2020-02-15 08:31:55,0:21:55,0,0,8.5,2.15,1.62
20200214FRI29,2020-02-15 08:32:06,0:22:06,0,0,7.5,1.65,2.10
20200214FRI29,2020-02-15 08:32:06,0:22:06,0,0,8.5,2.15,1.62
20200214FRI29,2020-02-15 08:32:16,0:22:16,0,0,7.5,1.65,2.10
20200214FRI29,2020-02-15 08:32:16,0:22:16,0,0,8.5,2.15,1.62
20200214FRI29,2020-02-15 08:32:26,0:22:26,0,0,7.5,1.65,2.10
20200214FRI29,2020-02-15 08:32:26,0:22:26,0,0,8.5,2.15,1.62
20200214FRI29,2020-02-15 08:32:37,0:22:37,0,0,7.5,1.65,2.10
20200214FRI29,2020-02-15 08:32:37,0:22:37,0,0,8.5,2.15,1.62
20200214FRI29,2020-02-15 08:32:47,0:22:47,0,0,7.5,1.65,2.10
20200214FRI29,2020-02-15 08:32:47,0:22:47,0,0,8.5,2.15,1.62
20200214FRI29,2020-02-15 08:32:57,0:22:57,0,0,7.5,1.65,2.10
20200214FRI29,2020-02-15 08:32:57,0:22:57,0,0,8.5,2.15,1.62
20200214FRI29,2020-02-15 08:33:08,0:23:08,0,0,7.5,1.71,2.01
20200214FRI29,2020-02-15 08:33:08,0:23:08,0,0,8.5,2.27,1.56
20200214FRI29,2020-02-15 08:33:18,0:23:18,0,0,7.5,1.71,2.01
20200214FRI29,2020-02-15 08:33:18,0:23:18,0,0,8.5,2.27,1.56
20200214FRI29,2020-02-15 08:33:28,0:23:28,0,0,7.5,1.71,2.01
20200214FRI29,2020-02-15 08:33:28,0:23:28,0,0,8.5,2.27,1.56
20200214FRI29,2020-02-15 08:33:39,0:23:39,0,0,7.5,1.71,2.01
20200214FRI29,2020-02-15 08:33:39,0:23:39,0,0,8.5,2.27,1.56
20200214FRI29,2020-02-15 08:33:49,0:23:49,0,0,7.5,1.71,2.01
20200214FRI29,2020-02-15 08:33:49,0:23:49,0,0,8.5,2.27,1.56
20200214FRI29,2020-02-15 08:34:00,0:24:00,0,0,7.5,1.71,2.01
20200214FRI29,2020-02-15 08:34:00,0:24:00,0,0,8.5,2.27,1.56
20200214FRI29,2020-02-15 08:34:10,0:24:10,0,0,7.5,1.71,2.01
20200214FRI29,2020-02-15 08:34:10,0:24:10,0,0,8.5,2.27,1.56
20200214FRI29,2020-02-15 08:34:20,0:24:20,0,0,7.5,1.76,1.94
20200214FRI29,2020-02-15 08:34:20,0:24:20,0,0,8.5,2.35,1.52
20200214FRI29,2020-02-15 08:34:31,0:24:31,0,0,7.5,1.76,1.94
20200214FRI29,2020-02-15 08:34:31,0:24:31,0,0,8.5,2.35,1.52
20200214FRI29,2020-02-15 08:34:41,0:24:41,0,0,7.5,1.76,1.94
20200214FRI29,2020-02-15 08:34:41,0:24:41,0,0,8.5,2.35,1.52
20200214FRI29,2020-02-15 08:34:51,0:24:51,0,0,7.5,1.76,1.94
20200214FRI29,2020-02-15 08:34:51,0:24:51,0,0,8.5,2.35,1.52
20200214FRI29,2020-02-15 08:35:03,0:25:03,0,0,7.5,1.76,1.94
20200214FRI29,2020-02-15 08:35:03,0:25:03,0,0,8.5,2.35,1.52
20200214FRI29,2020-02-15 08:35:14,0:25:14,0,0,7.5,1.76,1.94
20200214FRI29,2020-02-15 08:35:14,0:25:14,0,0,8.5,2.35,1.52
20200214FRI29,2020-02-15 08:35:24,0:25:24,0,0,7.5,1.76,1.94
20200214FRI29,2020-02-15 08:35:24,0:25:24,0,0,8.5,2.35,1.52
20200214FRI29,2020-02-15 08:35:35,0:25:35,0,0,7.5,1.76,1.94
20200214FRI29,2020-02-15 08:35:35,0:25:35,0,0,8.5,2.35,1.52
20200214FRI29,2020-02-15 08:35:45,0:25:45,0,0,7.5,1.76,1.94
20200214FRI29,2020-02-15 08:35:45,0:25:45,0,0,8.5,2.35,1.52
20200214FRI29,2020-02-15 08:35:55,0:25:55,0,0,7.5,1.84,1.86
20200214FRI29,2020-02-15 08:35:55,0:25:55,0,0,8.5,2.48,1.47
20200214FRI29,2020-02-15 08:36:05,0:26:05,0,0,7.5,1.84,1.86
20200214FRI29,2020-02-15 08:36:05,0:26:05,0,0,8.5,2.48,1.47
20200214FRI29,2020-02-15 08:36:16,0:26:16,0,0,7.5,1.84,1.86
20200214FRI29,2020-02-15 08:36:16,0:26:16,0,0,8.5,2.48,1.47
20200214FRI29,2020-02-15 08:36:26,0:26:26,0,0,7.5,1.84,1.86
20200214FRI29,2020-02-15 08:36:26,0:26:26,0,0,8.5,2.48,1.47
20200214FRI29,2020-02-15 08:36:36,0:26:36,0,0,7.5,1.84,1.86
20200214FRI29,2020-02-15 08:36:36,0:26:36,0,0,8.5,2.48,1.47
20200214FRI29,2020-02-15 08:36:47,0:26:47,0,0,7.5,1.84,1.86
20200214FRI29,2020-02-15 08:36:47,0:26:47,0,0,8.5,2.48,1.47
20200214FRI29,2020-02-15 08:36:57,0:26:57,0,0,7.5,1.84,1.86
20200214FRI29,2020-02-15 08:36:57,0:26:57,0,0,8.5,2.48,1.47
20200214FRI29,2020-02-15 08:37:07,0:27:07,0,0,7.5,1.84,1.86
20200214FRI29,2020-02-15 08:37:07,0:27:07,0,0,8.5,2.48,1.47
20200214FRI29,2020-02-15 08:37:17,0:27:17,0,0,7.5,1.84,1.86
20200214FRI29,2020-02-15 08:37:17,0:27:17,0,0,8.5,2.48,1.47
20200214FRI29,2020-02-15 08:37:28,0:27:28,0,0,7.5,1.90,1.80
20200214FRI29,2020-02-15 08:37:28,0:27:28,0,0,8.5,2.60,1.43
20200214FRI29,2020-02-15 08:37:38,0:27:38,0,0,7.5,1.90,1.80
20200214FRI29,2020-02-15 08:37:38,0:27:38,0,0,8.5,2.60,1.43
20200214FRI29,2020-02-15 08:37:49,0:27:49,0,0,7.5,1.90,1.80
20200214FRI29,2020-02-15 08:37:49,0:27:49,0,0,8.5,2.60,1.43
20200214FRI29,2020-02-15 08:37:59,0:27:59,0,0,7.5,1.93,1.77
20200214FRI29,2020-02-15 08:37:59,0:27:59,0,0,8.5,2.68,1.41
20200214FRI29,2020-02-15 08:38:09,0:28:09,0,0,7.5,1.93,1.77
20200214FRI29,2020-02-15 08:38:09,0:28:09,0,0,8.5,2.68,1.41
20200214FRI29,2020-02-15 08:38:20,0:28:20,0,0,7.5,1.93,1.77
20200214FRI29,2020-02-15 08:38:20,0:28:20,0,0,8.5,2.68,1.41
20200214FRI29,2020-02-15 08:38:31,0:28:31,0,0,7.5,1.93,1.77
20200214FRI29,2020-02-15 08:38:31,0:28:31,0,0,8.5,2.68,1.41
20200214FRI29,2020-02-15 08:38:41,0:28:41,0,0,7.5,1.93,1.77
20200214FRI29,2020-02-15 08:38:41,0:28:41,0,0,8.5,2.68,1.41
20200214FRI29,2020-02-15 08:38:51,0:28:51,0,0,7.5,1.93,1.77
20200214FRI29,2020-02-15 08:38:51,0:28:51,0,0,8.5,2.68,1.41
20200214FRI29,2020-02-15 08:39:01,0:29:01,0,0,7.5,1.93,1.77
20200214FRI29,2020-02-15 08:39:01,0:29:01,0,0,8.5,2.68,1.41
20200214FRI29,2020-02-15 08:39:12,0:29:12,0,0,7.5,1.93,1.77
20200214FRI29,2020-02-15 08:39:12,0:29:12,0,0,8.5,2.68,1.41
20200214FRI29,2020-02-15 08:39:22,0:29:22,0,0,7.5,2.02,1.70
20200214FRI29,2020-02-15 08:39:22,0:29:22,0,0,8.5,2.83,1.37
20200214FRI29,2020-02-15 08:39:32,0:29:32,0,0,7.5,2.02,1.70
20200214FRI29,2020-02-15 08:39:32,0:29:32,0,0,8.5,2.83,1.37
20200214FRI29,2020-02-15 08:39:42,0:29:42,0,0,7.5,2.02,1.70
20200214FRI29,2020-02-15 08:39:42,0:29:42,0,0,8.5,2.83,1.37
20200214FRI29,2020-02-15 08:39:52,0:29:52,0,0,7.5,2.02,1.70
20200214FRI29,2020-02-15 08:39:52,0:29:52,0,0,8.5,2.83,1.37
20200214FRI29,2020-02-15 08:40:03,0:30:03,0,0,7.5,2.02,1.70
20200214FRI29,2020-02-15 08:40:03,0:30:03,0,0,8.5,2.83,1.37
20200214FRI29,2020-02-15 08:40:13,0:30:13,0,0,7.5,2.02,1.70
20200214FRI29,2020-02-15 08:40:13,0:30:13,0,0,8.5,2.83,1.37
20200214FRI29,2020-02-15 08:40:23,0:30:23,0,0,7.5,2.02,1.70
20200214FRI29,2020-02-15 08:40:23,0:30:23,0,0,8.5,2.83,1.37
20200214FRI29,2020-02-15 08:40:34,0:30:34,0,0,7.5,2.02,1.70
20200214FRI29,2020-02-15 08:40:34,0:30:34,0,0,8.5,2.83,1.37
20200214FRI29,2020-02-15 08:40:44,0:30:44,0,0,7.5,2.10,1.65
20200214FRI29,2020-02-15 08:40:44,0:30:44,0,0,8.5,3.00,1.33
20200214FRI29,2020-02-15 08:40:54,0:30:54,0,0,7.5,2.10,1.65
20200214FRI29,2020-02-15 08:40:54,0:30:54,0,0,8.5,3.00,1.33
20200214FRI29,2020-02-15 08:41:04,0:31:04,0,0,7.5,2.10,1.65
20200214FRI29,2020-02-15 08:41:04,0:31:04,0,0,8.5,3.00,1.33
20200214FRI29,2020-02-15 08:41:14,0:31:14,0,0,7.5,2.10,1.65
20200214FRI29,2020-02-15 08:41:14,0:31:14,0,0,8.5,3.00,1.33
20200214FRI29,2020-02-15 08:41:25,0:31:25,0,0,7.5,2.10,1.65
20200214FRI29,2020-02-15 08:41:25,0:31:25,0,0,8.5,3.00,1.33
20200214FRI29,2020-02-15 08:41:35,0:31:35,0,0,7.5,2.10,1.65
20200214FRI29,2020-02-15 08:41:35,0:31:35,0,0,8.5,3.00,1.33
20200214FRI29,2020-02-15 08:41:45,0:31:45,0,0,7.5,2.10,1.65
20200214FRI29,2020-02-15 08:41:45,0:31:45,0,0,8.5,3.00,1.33
20200214FRI29,2020-02-15 08:41:56,0:31:56,0,0,7.5,2.10,1.65
20200214FRI29,2020-02-15 08:41:56,0:31:56,0,0,8.5,3.00,1.33
20200214FRI29,2020-02-15 08:42:06,0:32:06,0,0,6.5,1.64,2.12
20200214FRI29,2020-02-15 08:42:06,0:32:06,0,0,7.5,2.20,1.59
20200214FRI29,2020-02-15 08:42:16,0:32:16,0,0,6.5,1.64,2.12
20200214FRI29,2020-02-15 08:42:16,0:32:16,0,0,7.5,2.20,1.59
20200214FRI29,2020-02-15 08:42:27,0:32:27,0,0,6.5,1.64,2.12
20200214FRI29,2020-02-15 08:42:27,0:32:27,0,0,7.5,2.20,1.59
20200214FRI29,2020-02-15 08:42:37,0:32:37,0,0,6.5,1.64,2.12
20200214FRI29,2020-02-15 08:42:37,0:32:37,0,0,7.5,2.20,1.59
20200214FRI29,2020-02-15 08:42:47,0:32:47,0,0,6.5,1.64,2.12
20200214FRI29,2020-02-15 08:42:47,0:32:47,0,0,7.5,2.20,1.59
20200214FRI29,2020-02-15 08:42:57,0:32:57,0,0,6.5,1.64,2.12
20200214FRI29,2020-02-15 08:42:57,0:32:57,0,0,7.5,2.20,1.59
20200214FRI29,2020-02-15 08:43:08,0:33:08,0,0,6.5,1.64,2.12
20200214FRI29,2020-02-15 08:43:08,0:33:08,0,0,7.5,2.20,1.59
20200214FRI29,2020-02-15 08:43:18,0:33:18,0,0,6.5,1.64,2.12
20200214FRI29,2020-02-15 08:43:18,0:33:18,0,0,7.5,2.20,1.59
20200214FRI29,2020-02-15 08:43:28,0:33:28,0,0,6.5,1.64,2.12
20200214FRI29,2020-02-15 08:43:28,0:33:28,0,0,7.5,2.20,1.59
20200214FRI29,2020-02-15 08:43:39,0:33:39,0,0,6.5,1.70,2.02
20200214FRI29,2020-02-15 08:43:39,0:33:39,0,0,7.5,2.30,1.54
20200214FRI29,2020-02-15 08:43:49,0:33:49,0,0,6.5,1.70,2.02
20200214FRI29,2020-02-15 08:43:49,0:33:49,0,0,7.5,2.30,1.54
20200214FRI29,2020-02-15 08:43:59,0:33:59,0,0,6.5,1.70,2.02
20200214FRI29,2020-02-15 08:43:59,0:33:59,0,0,7.5,2.30,1.54
20200214FRI29,2020-02-15 08:44:10,0:34:10,0,0,6.5,1.70,2.02
20200214FRI29,2020-02-15 08:44:10,0:34:10,0,0,7.5,2.30,1.54
20200214FRI29,2020-02-15 08:44:20,0:34:20,0,0,6.5,1.70,2.02
20200214FRI29,2020-02-15 08:44:20,0:34:20,0,0,7.5,2.30,1.54
20200214FRI29,2020-02-15 08:44:30,0:34:30,0,0,6.5,1.70,2.02
20200214FRI29,2020-02-15 08:44:30,0:34:30,0,0,7.5,2.30,1.54
20200214FRI29,2020-02-15 08:44:41,0:34:41,0,0,6.5,1.70,2.02
20200214FRI29,2020-02-15 08:44:41,0:34:41,0,0,7.5,2.30,1.54
20200214FRI29,2020-02-15 08:44:51,0:34:51,0,0,6.5,1.70,2.02
20200214FRI29,2020-02-15 08:44:51,0:34:51,0,0,7.5,2.30,1.54
20200214FRI29,2020-02-15 08:45:01,0:35:01,0,0,6.5,1.76,1.94
20200214FRI29,2020-02-15 08:45:01,0:35:01,0,0,7.5,2.45,1.48
20200214FRI29,2020-02-15 08:45:12,0:35:12,0,0,6.5,1.76,1.94
20200214FRI29,2020-02-15 08:45:12,0:35:12,0,0,7.5,2.45,1.48
20200214FRI29,2020-02-15 08:45:22,0:35:22,0,0,6.5,1.76,1.94
20200214FRI29,2020-02-15 08:45:22,0:35:22,0,0,7.5,2.45,1.48
20200214FRI29,2020-02-15 08:45:32,0:35:32,0,0,6.5,1.76,1.94
20200214FRI29,2020-02-15 08:45:32,0:35:32,0,0,7.5,2.45,1.48
20200214FRI29,2020-02-15 08:45:43,0:35:43,0,0,6.5,1.76,1.94
20200214FRI29,2020-02-15 08:45:43,0:35:43,0,0,7.5,2.45,1.48
20200214FRI29,2020-02-15 08:45:53,0:35:53,0,0,6.5,1.76,1.94
20200214FRI29,2020-02-15 08:45:53,0:35:53,0,0,7.5,2.45,1.48
20200214FRI29,2020-02-15 08:46:03,0:36:03,0,0,6.5,1.76,1.94
20200214FRI29,2020-02-15 08:46:03,0:36:03,0,0,7.5,2.45,1.48
20200214FRI29,2020-02-15 08:46:14,0:36:14,0,0,6.5,1.76,1.94
20200214FRI29,2020-02-15 08:46:14,0:36:14,0,0,7.5,2.45,1.48
20200214FRI29,2020-02-15 08:46:24,0:36:24,0,0,6.5,1.86,1.84
20200214FRI29,2020-02-15 08:46:24,0:36:24,0,0,7.5,2.65,1.42
20200214FRI29,2020-02-15 08:46:35,0:36:35,0,0,6.5,1.86,1.84
20200214FRI29,2020-02-15 08:46:35,0:36:35,0,0,7.5,2.65,1.42
20200214FRI29,2020-02-15 08:46:45,0:36:45,0,0,6.5,1.86,1.84
20200214FRI29,2020-02-15 08:46:45,0:36:45,0,0,7.5,2.65,1.42
20200214FRI29,2020-02-15 08:46:55,0:36:55,0,0,6.5,1.86,1.84
20200214FRI29,2020-02-15 08:46:55,0:36:55,0,0,7.5,2.65,1.42
20200214FRI29,2020-02-15 08:47:06,0:37:06,0,0,6.5,1.86,1.84
20200214FRI29,2020-02-15 08:47:06,0:37:06,0,0,7.5,2.65,1.42
20200214FRI29,2020-02-15 08:47:16,0:37:16,0,0,6.5,1.86,1.84
20200214FRI29,2020-02-15 08:47:16,0:37:16,0,0,7.5,2.65,1.42
20200214FRI29,2020-02-15 08:47:26,0:37:26,0,0,6.5,1.86,1.84
20200214FRI29,2020-02-15 08:47:26,0:37:26,0,0,7.5,2.65,1.42
20200214FRI29,2020-02-15 08:47:36,0:37:36,0,0,6.5,1.86,1.84
20200214FRI29,2020-02-15 08:47:36,0:37:36,0,0,7.5,2.65,1.42
20200214FRI29,2020-02-15 08:47:47,0:37:47,0,0,6.5,1.94,1.76
20200214FRI29,2020-02-15 08:47:47,0:37:47,0,0,7.5,2.80,1.38
20200214FRI29,2020-02-15 08:48:48,0:38:48,0,0,7.5,1.95,1.75
20200214FRI29,2020-02-15 08:48:48,0:38:48,0,0,8.5,2.83,1.37
20200214FRI29,2020-02-15 08:48:58,0:38:58,0,0,7.5,1.95,1.75
20200214FRI29,2020-02-15 08:48:58,0:38:58,0,0,8.5,2.83,1.37
20200214FRI29,2020-02-15 08:49:09,0:39:09,0,0,7.5,1.95,1.75
20200214FRI29,2020-02-15 08:49:09,0:39:09,0,0,8.5,2.83,1.37
20200214FRI29,2020-02-15 08:49:19,0:39:19,0,0,7.5,1.95,1.75
20200214FRI29,2020-02-15 08:49:19,0:39:19,0,0,8.5,2.83,1.37
20200214FRI29,2020-02-15 08:49:29,0:39:29,0,0,7.5,1.95,1.75
20200214FRI29,2020-02-15 08:49:29,0:39:29,0,0,8.5,2.83,1.37
20200214FRI29,2020-02-15 08:49:39,0:39:39,0,0,7.5,1.95,1.75
20200214FRI29,2020-02-15 08:49:39,0:39:39,0,0,8.5,2.83,1.37
20200214FRI29,2020-02-15 08:49:50,0:39:50,0,0,7.5,1.95,1.75
20200214FRI29,2020-02-15 08:49:50,0:39:50,0,0,8.5,2.83,1.37
20200214FRI29,2020-02-15 08:50:00,0:40:00,0,0,7.5,2.05,1.68
20200214FRI29,2020-02-15 08:50:00,0:40:00,0,0,8.5,3.00,1.33
20200214FRI29,2020-02-15 08:50:11,0:40:11,0,0,7.5,2.05,1.68
20200214FRI29,2020-02-15 08:50:11,0:40:11,0,0,8.5,3.00,1.33
20200214FRI29,2020-02-15 08:50:21,0:40:21,0,0,7.5,2.05,1.68
20200214FRI29,2020-02-15 08:50:21,0:40:21,0,0,8.5,3.00,1.33
20200214FRI29,2020-02-15 08:50:31,0:40:31,0,0,7.5,2.05,1.68
20200214FRI29,2020-02-15 08:50:31,0:40:31,0,0,8.5,3.00,1.33
20200214FRI29,2020-02-15 08:50:41,0:40:41,0,0,7.5,2.05,1.68
20200214FRI29,2020-02-15 08:50:41,0:40:41,0,0,8.5,3.00,1.33
20200214FRI29,2020-02-15 08:50:52,0:40:52,0,0,7.5,2.05,1.68
20200214FRI29,2020-02-15 08:50:52,0:40:52,0,0,8.5,3.00,1.33
20200214FRI29,2020-02-15 08:51:02,0:41:02,0,0,7.5,2.05,1.68
20200214FRI29,2020-02-15 08:51:02,0:41:02,0,0,8.5,3.00,1.33
20200214FRI29,2020-02-15 08:51:13,0:41:13,0,0,7.5,2.15,1.62
20200214FRI29,2020-02-15 08:51:13,0:41:13,0,0,8.5,3.20,1.30
20200214FRI29,2020-02-15 08:51:23,0:41:23,0,0,7.5,2.15,1.62
20200214FRI29,2020-02-15 08:51:23,0:41:23,0,0,8.5,3.20,1.30
20200214FRI29,2020-02-15 08:51:34,0:41:34,0,0,7.5,2.15,1.62
20200214FRI29,2020-02-15 08:51:34,0:41:34,0,0,8.5,3.20,1.30
20200214FRI29,2020-02-15 08:51:44,0:41:44,0,0,7.5,2.15,1.62
20200214FRI29,2020-02-15 08:51:44,0:41:44,0,0,8.5,3.20,1.30
20200214FRI29,2020-02-15 08:51:54,0:41:54,0,0,7.5,2.15,1.62
20200214FRI29,2020-02-15 08:51:54,0:41:54,0,0,8.5,3.20,1.30
20200214FRI29,2020-02-15 08:52:04,0:42:04,0,0,7.5,2.15,1.62
20200214FRI29,2020-02-15 08:52:04,0:42:04,0,0,8.5,3.20,1.30
20200214FRI29,2020-02-15 08:52:14,0:42:14,0,0,7.5,2.15,1.62
20200214FRI29,2020-02-15 08:52:14,0:42:14,0,0,8.5,3.20,1.30
20200214FRI29,2020-02-15 08:52:25,0:42:25,0,0,7.5,2.15,1.62
20200214FRI29,2020-02-15 08:52:25,0:42:25,0,0,8.5,3.20,1.30
20200214FRI29,2020-02-15 08:52:35,0:42:35,0,0,6.5,1.62,2.15
20200214FRI29,2020-02-15 08:52:35,0:42:35,0,0,7.5,2.25,1.57
20200214FRI29,2020-02-15 08:52:45,0:42:45,0,0,6.5,1.62,2.15
20200214FRI29,2020-02-15 08:52:45,0:42:45,0,0,7.5,2.25,1.57
20200214FRI29,2020-02-15 08:52:55,0:42:55,0,0,6.5,1.62,2.15
20200214FRI29,2020-02-15 08:52:55,0:42:55,0,0,7.5,2.25,1.57
20200214FRI29,2020-02-15 08:53:06,0:43:06,0,0,6.5,1.62,2.15
20200214FRI29,2020-02-15 08:53:06,0:43:06,0,0,7.5,2.25,1.57
20200214FRI29,2020-02-15 08:53:16,0:43:16,0,0,6.5,1.62,2.15
20200214FRI29,2020-02-15 08:53:16,0:43:16,0,0,7.5,2.25,1.57
20200214FRI29,2020-02-15 08:53:26,0:43:26,0,0,6.5,1.62,2.15
20200214FRI29,2020-02-15 08:53:26,0:43:26,0,0,7.5,2.25,1.57
20200214FRI29,2020-02-15 08:53:36,0:43:36,0,0,6.5,1.68,2.05
20200214FRI29,2020-02-15 08:53:36,0:43:36,0,0,7.5,2.35,1.52
20200214FRI29,2020-02-15 08:53:47,0:43:47,0,0,6.5,1.68,2.05
20200214FRI29,2020-02-15 08:53:47,0:43:47,0,0,7.5,2.35,1.52
20200214FRI29,2020-02-15 08:53:57,0:43:57,0,0,6.5,1.68,2.05
20200214FRI29,2020-02-15 08:53:57,0:43:57,0,0,7.5,2.35,1.52
20200214FRI29,2020-02-15 08:54:07,0:44:07,0,0,6.5,1.68,2.05
20200214FRI29,2020-02-15 08:54:07,0:44:07,0,0,7.5,2.35,1.52
20200214FRI29,2020-02-15 08:54:18,0:44:18,0,0,6.5,1.68,2.05
20200214FRI29,2020-02-15 08:54:18,0:44:18,0,0,7.5,2.35,1.52
20200214FRI29,2020-02-15 08:54:28,0:44:28,0,0,6.5,1.68,2.05
20200214FRI29,2020-02-15 08:54:28,0:44:28,0,0,7.5,2.35,1.52
20200214FRI29,2020-02-15 08:54:39,0:44:39,0,0,6.5,1.68,2.05
20200214FRI29,2020-02-15 08:54:39,0:44:39,0,0,7.5,2.35,1.52
20200214FRI29,2020-02-15 08:54:49,0:44:49,0,0,6.5,1.68,2.05
20200214FRI29,2020-02-15 08:54:49,0:44:49,0,0,7.5,2.35,1.52
20200214FRI29,2020-02-15 08:54:59,0:44:59,0,0,6.5,1.68,2.05
20200214FRI29,2020-02-15 08:54:59,0:44:59,0,0,7.5,2.35,1.52
20200214FRI29,2020-02-15 08:55:10,0:45:10,0,0,6.5,1.74,1.97
20200214FRI29,2020-02-15 08:55:10,0:45:10,0,0,7.5,2.50,1.46
20200214FRI29,2020-02-15 08:55:20,0:45:20,0,0,6.5,1.74,1.97
20200214FRI29,2020-02-15 08:55:20,0:45:20,0,0,7.5,2.50,1.46
20200214FRI29,2020-02-15 08:55:30,0:45:30,0,0,6.5,1.74,1.97
20200214FRI29,2020-02-15 08:55:30,0:45:30,0,0,7.5,2.50,1.46
20200214FRI29,2020-02-15 08:55:41,0:45:41,0,0,6.5,1.74,1.97
20200214FRI29,2020-02-15 08:55:41,0:45:41,0,0,7.5,2.50,1.46
20200214FRI29,2020-02-15 08:55:51,0:45:51,0,0,6.5,1.74,1.97
20200214FRI29,2020-02-15 08:55:51,0:45:51,0,0,7.5,2.50,1.46
20200214FRI29,2020-02-15 08:56:01,0:46:01,0,0,6.5,1.74,1.97
20200214FRI29,2020-02-15 08:56:01,0:46:01,0,0,7.5,2.50,1.46
20200214FRI29,2020-02-15 08:56:12,0:46:12,0,0,6.5,1.81,1.89
20200214FRI29,2020-02-15 08:56:12,0:46:12,0,0,7.5,2.65,1.42
20200214FRI29,2020-02-15 08:56:22,0:46:22,0,0,6.5,1.81,1.89
20200214FRI29,2020-02-15 08:56:22,0:46:22,0,0,7.5,2.65,1.42
20200214FRI29,2020-02-15 08:56:32,0:46:32,0,0,6.5,1.81,1.89
20200214FRI29,2020-02-15 08:56:32,0:46:32,0,0,7.5,2.65,1.42
20200214FRI29,2020-02-15 08:56:42,0:46:42,0,0,6.5,1.81,1.89
20200214FRI29,2020-02-15 08:56:42,0:46:42,0,0,7.5,2.65,1.42
20200214FRI29,2020-02-15 08:56:53,0:46:53,0,0,6.5,1.81,1.89
20200214FRI29,2020-02-15 08:56:53,0:46:53,0,0,7.5,2.65,1.42
20200214FRI29,2020-02-15 08:57:03,0:47:03,0,0,6.5,1.81,1.89
20200214FRI29,2020-02-15 08:57:03,0:47:03,0,0,7.5,2.65,1.42
20200214FRI29,2020-02-15 08:57:13,0:47:13,0,0,6.5,1.81,1.89
20200214FRI29,2020-02-15 08:57:13,0:47:13,0,0,7.5,2.65,1.42
20200214FRI29,2020-02-15 08:57:24,0:47:24,0,0,6.5,1.81,1.89
20200214FRI29,2020-02-15 08:57:24,0:47:24,0,0,7.5,2.65,1.42
20200214FRI29,2020-02-15 08:57:34,0:47:34,0,0,6.5,1.81,1.89
20200214FRI29,2020-02-15 08:57:34,0:47:34,0,0,7.5,2.65,1.42
20200214FRI29,2020-02-15 08:58:35,0:48:35,0,0,7.5,1.85,1.85
20200214FRI29,2020-02-15 08:58:35,0:48:35,0,0,8.5,2.75,1.39
20200214FRI29,2020-02-15 08:58:45,0:48:45,0,0,7.5,1.85,1.85
20200214FRI29,2020-02-15 08:58:45,0:48:45,0,0,8.5,2.75,1.39
20200214FRI29,2020-02-15 08:58:56,0:48:56,0,0,7.5,1.85,1.85
20200214FRI29,2020-02-15 08:58:56,0:48:56,0,0,8.5,2.75,1.39
20200214FRI29,2020-02-15 08:59:06,0:49:06,0,0,7.5,1.85,1.85
20200214FRI29,2020-02-15 08:59:06,0:49:06,0,0,8.5,2.75,1.39
20200214FRI29,2020-02-15 08:59:17,0:49:17,0,0,7.5,1.85,1.85
20200214FRI29,2020-02-15 08:59:17,0:49:17,0,0,8.5,2.75,1.39
20200214FRI29,2020-02-15 08:59:27,0:49:27,0,0,7.5,1.85,1.85
20200214FRI29,2020-02-15 08:59:27,0:49:27,0,0,8.5,2.75,1.39
20200214FRI29,2020-02-15 08:59:37,0:49:37,0,0,7.5,1.85,1.85
20200214FRI29,2020-02-15 08:59:37,0:49:37,0,0,8.5,2.75,1.39
20200214FRI29,2020-02-15 08:59:47,0:49:47,0,0,7.5,1.85,1.85
20200214FRI29,2020-02-15 08:59:47,0:49:47,0,0,8.5,2.75,1.39
20200214FRI29,2020-02-15 08:59:57,0:49:57,0,0,7.5,1.85,1.85
20200214FRI29,2020-02-15 08:59:57,0:49:57,0,0,8.5,2.75,1.39
20200214FRI29,2020-02-15 09:00:08,0:50:08,0,0,7.5,1.85,1.85
20200214FRI29,2020-02-15 09:00:08,0:50:08,0,0,8.5,2.75,1.39
20200214FRI29,2020-02-15 09:00:18,0:50:18,0,0,7.5,1.85,1.85
20200214FRI29,2020-02-15 09:00:18,0:50:18,0,0,8.5,2.75,1.39
20200214FRI29,2020-02-15 09:00:28,0:50:28,0,0,7.5,1.85,1.85
20200214FRI29,2020-02-15 09:00:28,0:50:28,0,0,8.5,2.75,1.39
20200214FRI29,2020-02-15 09:00:39,0:50:39,0,0,7.5,1.85,1.85
20200214FRI29,2020-02-15 09:00:39,0:50:39,0,0,8.5,2.75,1.39
20200214FRI29,2020-02-15 09:00:49,0:50:49,0,0,7.5,1.85,1.85
20200214FRI29,2020-02-15 09:00:49,0:50:49,0,0,8.5,2.75,1.39
20200214FRI29,2020-02-15 09:00:59,0:50:59,0,0,7.5,1.85,1.85
20200214FRI29,2020-02-15 09:00:59,0:50:59,0,0,8.5,2.75,1.39
20200214FRI29,2020-02-15 09:01:10,0:51:10,0,0,7.5,1.85,1.85
20200214FRI29,2020-02-15 09:01:10,0:51:10,0,0,8.5,2.75,1.39
20200214FRI29,2020-02-15 09:01:20,0:51:20,0,0,7.5,1.85,1.85
20200214FRI29,2020-02-15 09:01:20,0:51:20,0,0,8.5,2.75,1.39
20200214FRI29,2020-02-15 09:01:30,0:51:30,0,0,7.5,1.85,1.85
20200214FRI29,2020-02-15 09:01:30,0:51:30,0,0,8.5,2.75,1.39
20200214FRI29,2020-02-15 09:01:40,0:51:40,0,0,7.5,1.85,1.85
20200214FRI29,2020-02-15 09:01:40,0:51:40,0,0,8.5,2.75,1.39
20200214FRI29,2020-02-15 09:01:51,0:51:51,0,0,7.5,1.85,1.85
20200214FRI29,2020-02-15 09:01:51,0:51:51,0,0,8.5,2.75,1.39
20200214FRI29,2020-02-15 09:02:01,0:52:01,0,0,7.5,1.85,1.85
20200214FRI29,2020-02-15 09:02:01,0:52:01,0,0,8.5,2.75,1.39
20200214FRI29,2020-02-15 09:02:11,0:52:11,0,0,7.5,1.85,1.85
20200214FRI29,2020-02-15 09:02:11,0:52:11,0,0,8.5,2.75,1.39
20200214FRI29,2020-02-15 09:02:22,0:52:22,0,0,7.5,1.85,1.85
20200214FRI29,2020-02-15 09:02:22,0:52:22,0,0,8.5,2.75,1.39
20200214FRI29,2020-02-15 09:02:33,0:52:33,0,0,7.5,1.85,1.85
20200214FRI29,2020-02-15 09:02:33,0:52:33,0,0,8.5,2.75,1.39
20200214FRI29,2020-02-15 09:02:43,0:52:43,0,0,7.5,1.85,1.85
20200214FRI29,2020-02-15 09:02:43,0:52:43,0,0,8.5,2.75,1.39
20200214FRI29,2020-02-15 09:02:53,0:52:53,0,0,7.5,1.85,1.85
20200214FRI29,2020-02-15 09:02:53,0:52:53,0,0,8.5,2.75,1.39
20200214FRI29,2020-02-15 09:03:04,0:53:04,0,0,7.5,1.85,1.85
20200214FRI29,2020-02-15 09:03:04,0:53:04,0,0,8.5,2.75,1.39
20200214FRI29,2020-02-15 09:03:14,0:53:14,0,0,7.5,1.85,1.85
20200214FRI29,2020-02-15 09:03:14,0:53:14,0,0,8.5,2.75,1.39
20200214FRI29,2020-02-15 09:03:24,0:53:24,0,0,7.5,1.85,1.85
20200214FRI29,2020-02-15 09:03:24,0:53:24,0,0,8.5,2.75,1.39
20200214FRI29,2020-02-15 09:03:34,0:53:34,0,0,7.5,1.85,1.85
20200214FRI29,2020-02-15 09:03:34,0:53:34,0,0,8.5,2.75,1.39
20200214FRI29,2020-02-15 09:03:44,0:53:44,0,0,7.5,1.85,1.85
20200214FRI29,2020-02-15 09:03:44,0:53:44,0,0,8.5,2.75,1.39
20200214FRI29,2020-02-15 09:03:55,0:53:55,0,0,7.5,1.85,1.85
20200214FRI29,2020-02-15 09:03:55,0:53:55,0,0,8.5,2.75,1.39
20200214FRI29,2020-02-15 09:04:05,0:54:05,0,0,7.5,1.85,1.85
20200214FRI29,2020-02-15 09:04:05,0:54:05,0,0,8.5,2.75,1.39
20200214FRI29,2020-02-15 09:04:15,0:54:15,0,0,7.5,1.85,1.85
20200214FRI29,2020-02-15 09:04:15,0:54:15,0,0,8.5,2.75,1.39
20200214FRI29,2020-02-15 09:04:26,0:54:26,0,0,7.5,1.85,1.85
20200214FRI29,2020-02-15 09:04:26,0:54:26,0,0,8.5,2.75,1.39
20200214FRI29,2020-02-15 09:04:36,0:54:36,0,0,7.5,1.85,1.85
20200214FRI29,2020-02-15 09:04:36,0:54:36,0,0,8.5,2.75,1.39
20200214FRI29,2020-02-15 09:04:46,0:54:46,0,0,7.5,1.85,1.85
20200214FRI29,2020-02-15 09:04:46,0:54:46,0,0,8.5,2.75,1.39
20200214FRI29,2020-02-15 09:04:56,0:54:56,0,0,7.5,1.85,1.85
20200214FRI29,2020-02-15 09:04:56,0:54:56,0,0,8.5,2.75,1.39
20200214FRI29,2020-02-15 09:05:06,0:55:06,0,0,7.5,1.85,1.85
20200214FRI29,2020-02-15 09:05:06,0:55:06,0,0,8.5,2.75,1.39
20200214FRI29,2020-02-15 09:05:17,0:55:17,0,0,7.5,1.85,1.85
20200214FRI29,2020-02-15 09:05:17,0:55:17,0,0,8.5,2.75,1.39
20200214FRI29,2020-02-15 09:05:27,0:55:27,0,0,7.5,1.85,1.85
20200214FRI29,2020-02-15 09:05:27,0:55:27,0,0,8.5,2.75,1.39
20200214FRI29,2020-02-15 09:05:37,0:55:37,0,0,7.5,1.85,1.85
20200214FRI29,2020-02-15 09:05:37,0:55:37,0,0,8.5,2.75,1.39
20200214FRI29,2020-02-15 09:05:47,0:55:47,0,0,7.5,1.85,1.85
20200214FRI29,2020-02-15 09:05:47,0:55:47,0,0,8.5,2.75,1.39
20200214FRI29,2020-02-15 09:05:58,0:55:58,0,0,7.5,1.85,1.85
20200214FRI29,2020-02-15 09:05:58,0:55:58,0,0,8.5,2.75,1.39
20200214FRI29,2020-02-15 09:06:08,0:56:08,0,0,7.5,1.85,1.85
20200214FRI29,2020-02-15 09:06:08,0:56:08,0,0,8.5,2.75,1.39
20200214FRI29,2020-02-15 09:06:18,0:56:18,0,0,7.5,1.85,1.85
20200214FRI29,2020-02-15 09:06:18,0:56:18,0,0,8.5,2.75,1.39
20200214FRI29,2020-02-15 09:06:28,0:56:28,0,0,7.5,1.85,1.85
20200214FRI29,2020-02-15 09:06:28,0:56:28,0,0,8.5,2.75,1.39
20200214FRI29,2020-02-15 09:06:38,0:56:38,0,0,7.5,1.85,1.85
20200214FRI29,2020-02-15 09:06:38,0:56:38,0,0,8.5,2.75,1.39
20200214FRI29,2020-02-15 09:06:49,0:56:49,0,0,7.5,1.85,1.85
20200214FRI29,2020-02-15 09:06:49,0:56:49,0,0,8.5,2.75,1.39
20200214FRI29,2020-02-15 09:06:59,0:56:59,0,0,7.5,1.85,1.85
20200214FRI29,2020-02-15 09:06:59,0:56:59,0,0,8.5,2.75,1.39
20200214FRI29,2020-02-15 09:07:09,0:57:09,0,0,7.5,1.85,1.85
20200214FRI29,2020-02-15 09:07:09,0:57:09,0,0,8.5,2.75,1.39
20200214FRI29,2020-02-15 09:07:19,0:57:19,0,0,7.5,1.85,1.85
20200214FRI29,2020-02-15 09:07:19,0:57:19,0,0,8.5,2.75,1.39
20200214FRI29,2020-02-15 09:07:30,0:57:30,0,0,7.5,1.85,1.85
20200214FRI29,2020-02-15 09:07:30,0:57:30,0,0,8.5,2.75,1.39
20200214FRI29,2020-02-15 09:07:40,0:57:40,0,0,7.5,1.85,1.85
20200214FRI29,2020-02-15 09:07:40,0:57:40,0,0,8.5,2.75,1.39
20200214FRI29,2020-02-15 09:07:50,0:57:50,0,0,7.5,1.85,1.85
20200214FRI29,2020-02-15 09:07:50,0:57:50,0,0,8.5,2.75,1.39
20200214FRI29,2020-02-15 09:08:00,0:58:00,0,0,7.5,1.85,1.85
20200214FRI29,2020-02-15 09:08:00,0:58:00,0,0,8.5,2.75,1.39
20200214FRI29,2020-02-15 09:08:10,0:58:10,0,0,7.5,1.85,1.85
20200214FRI29,2020-02-15 09:08:10,0:58:10,0,0,8.5,2.75,1.39
20200214FRI29,2020-02-15 09:08:21,0:58:21,0,0,7.5,1.85,1.85
20200214FRI29,2020-02-15 09:08:21,0:58:21,0,0,8.5,2.75,1.39
20200214FRI29,2020-02-15 09:08:31,0:58:31,0,0,7.5,1.85,1.85
20200214FRI29,2020-02-15 09:08:31,0:58:31,0,0,8.5,2.75,1.39
20200214FRI29,2020-02-15 09:08:41,0:58:41,0,0,7.5,1.85,1.85
20200214FRI29,2020-02-15 09:08:41,0:58:41,0,0,8.5,2.75,1.39
20200214FRI29,2020-02-15 09:08:51,0:58:51,0,0,7.5,1.85,1.85
20200214FRI29,2020-02-15 09:08:51,0:58:51,0,0,8.5,2.75,1.39
20200214FRI29,2020-02-15 09:09:02,0:59:02,0,0,7.5,1.85,1.85
20200214FRI29,2020-02-15 09:09:02,0:59:02,0,0,8.5,2.75,1.39
20200214FRI29,2020-02-15 09:09:12,0:59:12,0,0,7.5,1.85,1.85
20200214FRI29,2020-02-15 09:09:12,0:59:12,0,0,8.5,2.75,1.39
20200214FRI29,2020-02-15 09:09:22,0:59:22,0,0,7.5,1.85,1.85
20200214FRI29,2020-02-15 09:09:22,0:59:22,0,0,8.5,2.75,1.39
20200214FRI29,2020-02-15 09:09:32,0:59:32,0,0,7.5,1.85,1.85
20200214FRI29,2020-02-15 09:09:32,0:59:32,0,0,8.5,2.75,1.39
20200214FRI29,2020-02-15 09:09:42,0:59:42,0,0,7.5,1.85,1.85
20200214FRI29,2020-02-15 09:09:42,0:59:42,0,0,8.5,2.75,1.39
20200214FRI29,2020-02-15 09:09:53,0:59:53,0,0,7.5,1.85,1.85
20200214FRI29,2020-02-15 09:09:53,0:59:53,0,0,8.5,2.75,1.39
20200214FRI29,2020-02-15 09:10:03,1:00:03,0,0,7.5,1.85,1.85
20200214FRI29,2020-02-15 09:10:03,1:00:03,0,0,8.5,2.75,1.39
20200214FRI29,2020-02-15 09:10:13,1:00:13,0,0,7.5,1.85,1.85
20200214FRI29,2020-02-15 09:10:13,1:00:13,0,0,8.5,2.75,1.39
20200214FRI29,2020-02-15 09:10:23,1:00:23,0,0,7.5,1.85,1.85
20200214FRI29,2020-02-15 09:10:23,1:00:23,0,0,8.5,2.75,1.39
20200214FRI29,2020-02-15 09:10:33,1:00:33,0,0,7.5,1.85,1.85
20200214FRI29,2020-02-15 09:10:33,1:00:33,0,0,8.5,2.75,1.39
20200214FRI29,2020-02-15 09:10:44,1:00:44,0,0,7.5,1.85,1.85
20200214FRI29,2020-02-15 09:10:44,1:00:44,0,0,8.5,2.75,1.39
20200214FRI29,2020-02-15 09:10:54,1:00:54,0,0,7.5,1.85,1.85
20200214FRI29,2020-02-15 09:10:54,1:00:54,0,0,8.5,2.75,1.39
20200214FRI29,2020-02-15 09:11:04,1:01:04,0,0,7.5,1.85,1.85
20200214FRI29,2020-02-15 09:11:04,1:01:04,0,0,8.5,2.75,1.39
20200214FRI29,2020-02-15 09:11:14,1:01:14,0,0,7.5,1.85,1.85
20200214FRI29,2020-02-15 09:11:14,1:01:14,0,0,8.5,2.75,1.39
20200214FRI29,2020-02-15 09:11:25,1:01:25,0,0,7.5,1.85,1.85
20200214FRI29,2020-02-15 09:11:25,1:01:25,0,0,8.5,2.75,1.39
20200214FRI29,2020-02-15 09:11:35,1:01:35,0,0,7.5,1.85,1.85
20200214FRI29,2020-02-15 09:11:35,1:01:35,0,0,8.5,2.75,1.39
20200214FRI29,2020-02-15 09:11:45,1:01:45,0,0,7.5,1.85,1.85
20200214FRI29,2020-02-15 09:11:45,1:01:45,0,0,8.5,2.75,1.39
20200214FRI29,2020-02-15 09:11:55,1:01:55,0,0,7.5,1.85,1.85
20200214FRI29,2020-02-15 09:11:55,1:01:55,0,0,8.5,2.75,1.39
20200214FRI29,2020-02-15 09:12:05,1:02:05,0,0,7.5,1.85,1.85
20200214FRI29,2020-02-15 09:12:05,1:02:05,0,0,8.5,2.75,1.39
20200214FRI29,2020-02-15 09:12:16,1:02:16,0,0,7.5,1.85,1.85
20200214FRI29,2020-02-15 09:12:16,1:02:16,0,0,8.5,2.75,1.39
20200214FRI29,2020-02-15 09:12:26,1:02:26,0,0,7.5,1.85,1.85
20200214FRI29,2020-02-15 09:12:26,1:02:26,0,0,8.5,2.75,1.39
20200214FRI29,2020-02-15 09:12:36,1:02:36,0,0,7.5,1.85,1.85
20200214FRI29,2020-02-15 09:12:36,1:02:36,0,0,8.5,2.75,1.39
20200214FRI29,2020-02-15 09:12:46,1:02:46,0,0,7.5,1.85,1.85
20200214FRI29,2020-02-15 09:12:46,1:02:46,0,0,8.5,2.75,1.39
20200214FRI29,2020-02-15 09:12:56,1:02:56,0,0,7.5,1.85,1.85
20200214FRI29,2020-02-15 09:12:56,1:02:56,0,0,8.5,2.75,1.39
20200214FRI29,2020-02-15 09:13:06,1:03:06,0,0,7.5,1.85,1.85
20200214FRI29,2020-02-15 09:13:06,1:03:06,0,0,8.5,2.75,1.39
20200214FRI29,2020-02-15 09:13:17,1:03:17,0,0,7.5,1.85,1.85
20200214FRI29,2020-02-15 09:13:17,1:03:17,0,0,8.5,2.75,1.39
20200214FRI29,2020-02-15 09:13:27,1:03:27,0,0,7.5,1.85,1.85
20200214FRI29,2020-02-15 09:13:27,1:03:27,0,0,8.5,2.75,1.39
20200214FRI29,2020-02-15 09:13:37,1:03:37,0,0,7.5,1.85,1.85
20200214FRI29,2020-02-15 09:13:37,1:03:37,0,0,8.5,2.75,1.39
20200214FRI29,2020-02-15 09:13:48,1:03:48,0,0,7.5,1.85,1.85
20200214FRI29,2020-02-15 09:13:48,1:03:48,0,0,8.5,2.75,1.39
20200214FRI29,2020-02-15 09:13:58,1:03:58,0,0,7.5,1.85,1.85
20200214FRI29,2020-02-15 09:13:58,1:03:58,0,0,8.5,2.75,1.39
20200214FRI29,2020-02-15 09:14:09,1:04:09,0,0,7.5,1.85,1.85
20200214FRI29,2020-02-15 09:14:09,1:04:09,0,0,8.5,2.75,1.39
20200214FRI29,2020-02-15 09:14:19,1:04:19,0,0,7.5,1.85,1.85
20200214FRI29,2020-02-15 09:14:19,1:04:19,0,0,8.5,2.75,1.39
20200214FRI29,2020-02-15 09:14:29,1:04:29,0,0,7.5,1.85,1.85
20200214FRI29,2020-02-15 09:14:29,1:04:29,0,0,8.5,2.75,1.39
20200214FRI29,2020-02-15 09:14:40,1:04:40,0,0,7.5,1.85,1.85
20200214FRI29,2020-02-15 09:14:40,1:04:40,0,0,8.5,2.75,1.39
20200214FRI29,2020-02-15 09:14:50,1:04:50,0,0,7.5,1.85,1.85
20200214FRI29,2020-02-15 09:14:50,1:04:50,0,0,8.5,2.75,1.39
20200214FRI29,2020-02-15 09:15:00,1:05:00,0,0,7.5,1.85,1.85
20200214FRI29,2020-02-15 09:15:00,1:05:00,0,0,8.5,2.75,1.39
20200214FRI29,2020-02-15 09:15:10,1:05:10,0,0,7.5,1.85,1.85
20200214FRI29,2020-02-15 09:15:10,1:05:10,0,0,8.5,2.75,1.39
20200214FRI29,2020-02-15 09:15:21,1:05:21,0,0,7.5,1.85,1.85
20200214FRI29,2020-02-15 09:15:21,1:05:21,0,0,8.5,2.75,1.39
20200214FRI29,2020-02-15 09:15:31,1:05:31,0,0,7.5,1.85,1.85
20200214FRI29,2020-02-15 09:15:31,1:05:31,0,0,8.5,2.75,1.39
20200214FRI29,2020-02-15 09:15:42,1:05:42,0,0,7.5,1.85,1.85
20200214FRI29,2020-02-15 09:15:42,1:05:42,0,0,8.5,2.75,1.39
20200214FRI29,2020-02-15 09:15:52,1:05:52,0,0,7.5,1.85,1.85
20200214FRI29,2020-02-15 09:15:52,1:05:52,0,0,8.5,2.75,1.39
20200214FRI29,2020-02-15 09:16:02,1:06:02,0,0,7.5,1.93,1.77
20200214FRI29,2020-02-15 09:16:02,1:06:02,0,0,8.5,2.90,1.35
20200214FRI29,2020-02-15 09:16:13,1:06:13,0,0,7.5,1.93,1.77
20200214FRI29,2020-02-15 09:16:13,1:06:13,0,0,8.5,2.90,1.35
20200214FRI29,2020-02-15 09:16:23,1:06:23,0,0,7.5,1.93,1.77
20200214FRI29,2020-02-15 09:16:23,1:06:23,0,0,8.5,2.90,1.35
20200214FRI29,2020-02-15 09:16:33,1:06:33,0,0,7.5,1.93,1.77
20200214FRI29,2020-02-15 09:16:33,1:06:33,0,0,8.5,2.90,1.35
20200214FRI29,2020-02-15 09:16:43,1:06:43,0,0,7.5,1.93,1.77
20200214FRI29,2020-02-15 09:16:43,1:06:43,0,0,8.5,2.90,1.35
20200214FRI29,2020-02-15 09:16:54,1:06:54,0,0,7.5,1.93,1.77
20200214FRI29,2020-02-15 09:16:54,1:06:54,0,0,8.5,2.90,1.35
20200214FRI29,2020-02-15 09:17:04,1:07:04,0,0,7.5,1.93,1.77
20200214FRI29,2020-02-15 09:17:04,1:07:04,0,0,8.5,2.90,1.35
20200214FRI29,2020-02-15 09:17:14,1:07:14,0,0,7.5,1.93,1.77
20200214FRI29,2020-02-15 09:17:14,1:07:14,0,0,8.5,2.90,1.35
20200214FRI29,2020-02-15 09:17:24,1:07:24,0,0,7.5,2.02,1.70
20200214FRI29,2020-02-15 09:17:24,1:07:24,0,0,8.5,3.10,1.31
20200214FRI29,2020-02-15 09:17:35,1:07:35,0,0,7.5,2.02,1.70
20200214FRI29,2020-02-15 09:17:35,1:07:35,0,0,8.5,3.10,1.31
20200214FRI29,2020-02-15 09:17:45,1:07:45,0,0,7.5,2.02,1.70
20200214FRI29,2020-02-15 09:17:45,1:07:45,0,0,8.5,3.10,1.31
20200214FRI29,2020-02-15 09:17:55,1:07:55,0,0,7.5,2.02,1.70
20200214FRI29,2020-02-15 09:17:55,1:07:55,0,0,8.5,3.10,1.31
20200214FRI29,2020-02-15 09:18:06,1:08:06,0,0,7.5,2.02,1.70
20200214FRI29,2020-02-15 09:18:06,1:08:06,0,0,8.5,3.10,1.31
20200214FRI29,2020-02-15 09:18:16,1:08:16,0,0,7.5,2.02,1.70
20200214FRI29,2020-02-15 09:18:16,1:08:16,0,0,8.5,3.10,1.31
20200214FRI29,2020-02-15 09:18:26,1:08:26,0,0,7.5,2.12,1.64
20200214FRI29,2020-02-15 09:18:26,1:08:26,0,0,8.5,3.30,1.28
20200214FRI29,2020-02-15 09:18:36,1:08:36,0,0,7.5,2.12,1.64
20200214FRI29,2020-02-15 09:18:36,1:08:36,0,0,8.5,3.30,1.28
20200214FRI29,2020-02-15 09:18:47,1:08:47,0,0,7.5,2.12,1.64
20200214FRI29,2020-02-15 09:18:47,1:08:47,0,0,8.5,3.30,1.28
20200214FRI29,2020-02-15 09:18:57,1:08:57,0,0,7.5,2.12,1.64
20200214FRI29,2020-02-15 09:18:57,1:08:57,0,0,8.5,3.30,1.28
20200214FRI29,2020-02-15 09:19:07,1:09:07,0,0,7.5,2.12,1.64
20200214FRI29,2020-02-15 09:19:07,1:09:07,0,0,8.5,3.30,1.28
20200214FRI29,2020-02-15 09:19:18,1:09:18,0,0,7.5,2.12,1.64
20200214FRI29,2020-02-15 09:19:18,1:09:18,0,0,8.5,3.30,1.28
20200214FRI29,2020-02-15 09:19:28,1:09:28,0,0,7.5,2.22,1.58
20200214FRI29,2020-02-15 09:19:28,1:09:28,0,0,8.5,3.55,1.25
20200214FRI29,2020-02-15 09:19:38,1:09:38,0,0,7.5,2.22,1.58
20200214FRI29,2020-02-15 09:19:38,1:09:38,0,0,8.5,3.55,1.25
20200214FRI29,2020-02-15 09:19:48,1:09:48,0,0,7.5,2.22,1.58
20200214FRI29,2020-02-15 09:19:48,1:09:48,0,0,8.5,3.55,1.25
20200214FRI29,2020-02-15 09:19:59,1:09:59,0,0,7.5,2.22,1.58
20200214FRI29,2020-02-15 09:19:59,1:09:59,0,0,8.5,3.55,1.25
20200214FRI29,2020-02-15 09:20:09,1:10:09,0,0,6.5,1.59,2.20
20200214FRI29,2020-02-15 09:20:09,1:10:09,0,0,7.5,2.33,1.53
20200214FRI29,2020-02-15 09:20:19,1:10:19,0,0,6.5,1.62,2.15
20200214FRI29,2020-02-15 09:20:19,1:10:19,0,0,7.5,2.38,1.51
20200214FRI29,2020-02-15 09:20:29,1:10:29,0,0,6.5,1.62,2.15
20200214FRI29,2020-02-15 09:20:29,1:10:29,0,0,7.5,2.38,1.51
20200214FRI29,2020-02-15 09:20:40,1:10:40,0,0,6.5,1.62,2.15
20200214FRI29,2020-02-15 09:20:40,1:10:40,0,0,7.5,2.38,1.51
20200214FRI29,2020-02-15 09:20:50,1:10:50,0,0,6.5,1.62,2.15
20200214FRI29,2020-02-15 09:20:50,1:10:50,0,0,7.5,2.38,1.51
20200214FRI29,2020-02-15 09:21:00,1:11:00,0,0,6.5,1.62,2.15
20200214FRI29,2020-02-15 09:21:00,1:11:00,0,0,7.5,2.38,1.51
20200214FRI29,2020-02-15 09:21:10,1:11:10,0,0,6.5,1.62,2.15
20200214FRI29,2020-02-15 09:21:10,1:11:10,0,0,7.5,2.38,1.51
20200214FRI29,2020-02-15 09:21:20,1:11:20,0,0,6.5,1.62,2.15
20200214FRI29,2020-02-15 09:21:20,1:11:20,0,0,7.5,2.38,1.51
20200214FRI29,2020-02-15 09:21:31,1:11:31,0,0,6.5,1.68,2.05
20200214FRI29,2020-02-15 09:21:31,1:11:31,0,0,7.5,2.50,1.46
20200214FRI29,2020-02-15 09:21:42,1:11:42,0,0,6.5,1.68,2.05
20200214FRI29,2020-02-15 09:21:42,1:11:42,0,0,7.5,2.50,1.46
20200214FRI29,2020-02-15 09:21:52,1:11:52,0,0,6.5,1.68,2.05
20200214FRI29,2020-02-15 09:21:52,1:11:52,0,0,7.5,2.50,1.46
20200214FRI29,2020-02-15 09:22:03,1:12:03,0,0,6.5,1.68,2.05
20200214FRI29,2020-02-15 09:22:03,1:12:03,0,0,7.5,2.50,1.46
20200214FRI29,2020-02-15 09:22:13,1:12:13,0,0,6.5,1.68,2.05
20200214FRI29,2020-02-15 09:22:13,1:12:13,0,0,7.5,2.50,1.46
20200214FRI29,2020-02-15 09:22:24,1:12:24,0,0,6.5,1.74,1.97
20200214FRI29,2020-02-15 09:22:24,1:12:24,0,0,7.5,2.65,1.42
20200214FRI29,2020-02-15 09:22:34,1:12:34,0,0,6.5,1.74,1.97
20200214FRI29,2020-02-15 09:22:34,1:12:34,0,0,7.5,2.65,1.42
20200214FRI29,2020-02-15 09:22:44,1:12:44,0,0,6.5,1.74,1.97
20200214FRI29,2020-02-15 09:22:44,1:12:44,0,0,7.5,2.65,1.42
20200214FRI29,2020-02-15 09:22:55,1:12:55,0,0,6.5,1.74,1.97
20200214FRI29,2020-02-15 09:22:55,1:12:55,0,0,7.5,2.65,1.42
20200214FRI29,2020-02-15 09:23:05,1:13:05,0,0,6.5,1.74,1.97
20200214FRI29,2020-02-15 09:23:05,1:13:05,0,0,7.5,2.65,1.42
20200214FRI29,2020-02-15 09:23:15,1:13:15,0,0,6.5,1.74,1.97
20200214FRI29,2020-02-15 09:23:15,1:13:15,0,0,7.5,2.65,1.42
20200214FRI29,2020-02-15 09:23:26,1:13:26,0,0,6.5,1.81,1.89
20200214FRI29,2020-02-15 09:23:26,1:13:26,0,0,7.5,2.80,1.38
20200214FRI29,2020-02-15 09:23:36,1:13:36,0,0,6.5,1.81,1.89
20200214FRI29,2020-02-15 09:23:36,1:13:36,0,0,7.5,2.80,1.38
20200214FRI29,2020-02-15 09:23:47,1:13:47,0,0,6.5,1.81,1.89
20200214FRI29,2020-02-15 09:23:47,1:13:47,0,0,7.5,2.80,1.38
20200214FRI29,2020-02-15 09:23:57,1:13:57,0,0,6.5,1.81,1.89
20200214FRI29,2020-02-15 09:23:57,1:13:57,0,0,7.5,2.80,1.38
20200214FRI29,2020-02-15 09:24:08,1:14:08,0,0,6.5,1.81,1.89
20200214FRI29,2020-02-15 09:24:08,1:14:08,0,0,7.5,2.80,1.38
20200214FRI29,2020-02-15 09:24:18,1:14:18,0,0,6.5,1.81,1.89
20200214FRI29,2020-02-15 09:24:18,1:14:18,0,0,7.5,2.80,1.38
20200214FRI29,2020-02-15 09:24:28,1:14:28,0,0,6.5,1.81,1.89
20200214FRI29,2020-02-15 09:24:28,1:14:28,0,0,7.5,2.80,1.38
20200214FRI29,2020-02-15 09:24:38,1:14:38,0,0,6.5,1.81,1.89
20200214FRI29,2020-02-15 09:24:38,1:14:38,0,0,7.5,2.80,1.38
20200214FRI29,2020-02-15 09:24:49,1:14:49,0,0,6.5,1.88,1.82
20200214FRI29,2020-02-15 09:24:49,1:14:49,0,0,7.5,2.95,1.34
20200214FRI29,2020-02-15 09:24:59,1:14:59,0,0,6.5,1.88,1.82
20200214FRI29,2020-02-15 09:24:59,1:14:59,0,0,7.5,2.95,1.34
20200214FRI29,2020-02-15 09:25:09,1:15:09,0,0,6.5,1.88,1.82
20200214FRI29,2020-02-15 09:25:09,1:15:09,0,0,7.5,2.95,1.34
20200214FRI29,2020-02-15 09:25:20,1:15:20,0,0,6.5,1.88,1.82
20200214FRI29,2020-02-15 09:25:20,1:15:20,0,0,7.5,2.95,1.34
20200214FRI29,2020-02-15 09:25:30,1:15:30,0,0,6.5,1.88,1.82
20200214FRI29,2020-02-15 09:25:30,1:15:30,0,0,7.5,2.95,1.34
20200214FRI29,2020-02-15 09:25:40,1:15:40,0,0,6.5,1.95,1.75
20200214FRI29,2020-02-15 09:25:40,1:15:40,0,0,7.5,3.10,1.31
20200214FRI29,2020-02-15 09:25:50,1:15:50,0,0,6.5,1.95,1.75
20200214FRI29,2020-02-15 09:25:50,1:15:50,0,0,7.5,3.10,1.31
20200214FRI29,2020-02-15 09:26:01,1:16:01,0,0,6.5,1.95,1.75
20200214FRI29,2020-02-15 09:26:01,1:16:01,0,0,7.5,3.10,1.31
20200214FRI29,2020-02-15 09:26:11,1:16:11,0,0,6.5,1.95,1.75
20200214FRI29,2020-02-15 09:26:11,1:16:11,0,0,7.5,3.10,1.31
20200214FRI29,2020-02-15 09:26:21,1:16:21,0,0,6.5,2.04,1.69
20200214FRI29,2020-02-15 09:26:21,1:16:21,0,0,7.5,3.40,1.27
20200214FRI29,2020-02-15 09:26:31,1:16:31,0,0,6.5,2.04,1.69
20200214FRI29,2020-02-15 09:26:31,1:16:31,0,0,7.5,3.40,1.27
20200214FRI29,2020-02-15 09:26:42,1:16:42,0,0,6.5,2.04,1.69
20200214FRI29,2020-02-15 09:26:42,1:16:42,0,0,7.5,3.40,1.27
20200214FRI29,2020-02-15 09:26:52,1:16:52,0,0,6.5,2.04,1.69
20200214FRI29,2020-02-15 09:26:52,1:16:52,0,0,7.5,3.40,1.27
20200214FRI29,2020-02-15 09:27:02,1:17:02,0,0,6.5,2.04,1.69
20200214FRI29,2020-02-15 09:27:02,1:17:02,0,0,7.5,3.40,1.27
20200214FRI29,2020-02-15 09:27:12,1:17:12,0,0,6.5,2.04,1.69
20200214FRI29,2020-02-15 09:27:12,1:17:12,0,0,7.5,3.40,1.27
20200214FRI29,2020-02-15 09:27:23,1:17:23,0,0,6.5,2.13,1.63
20200214FRI29,2020-02-15 09:27:23,1:17:23,0,0,7.5,3.60,1.24
20200214FRI29,2020-02-15 09:27:33,1:17:33,0,0,6.5,2.13,1.63
20200214FRI29,2020-02-15 09:27:33,1:17:33,0,0,7.5,3.60,1.24
20200214FRI29,2020-02-15 09:28:34,1:18:34,0,0,7.5,2.20,1.59
20200214FRI29,2020-02-15 09:28:34,1:18:34,0,0,8.5,3.80,1.22
20200214FRI29,2020-02-15 09:28:45,1:18:45,0,0,7.5,2.20,1.59
20200214FRI29,2020-02-15 09:28:45,1:18:45,0,0,8.5,3.80,1.22
20200214FRI29,2020-02-15 09:28:55,1:18:55,0,0,7.5,2.20,1.59
20200214FRI29,2020-02-15 09:28:55,1:18:55,0,0,8.5,3.80,1.22
20200214FRI29,2020-02-15 09:29:05,1:19:05,0,0,7.5,2.20,1.59
20200214FRI29,2020-02-15 09:29:05,1:19:05,0,0,8.5,3.80,1.22
20200214FRI29,2020-02-15 09:29:16,1:19:16,0,0,7.5,2.20,1.59
20200214FRI29,2020-02-15 09:29:16,1:19:16,0,0,8.5,3.80,1.22
20200214FRI29,2020-02-15 09:29:26,1:19:26,0,0,7.5,2.20,1.59
20200214FRI29,2020-02-15 09:29:26,1:19:26,0,0,8.5,3.80,1.22
20200214FRI29,2020-02-15 09:29:37,1:19:37,0,0,7.5,2.20,1.59
20200214FRI29,2020-02-15 09:29:37,1:19:37,0,0,8.5,3.80,1.22
20200214FRI29,2020-02-15 09:29:47,1:19:47,0,0,7.5,2.30,1.54
20200214FRI29,2020-02-15 09:29:47,1:19:47,0,0,8.5,4.00,1.20
20200214FRI29,2020-02-15 09:29:57,1:19:57,0,0,7.5,2.30,1.54
20200214FRI29,2020-02-15 09:29:57,1:19:57,0,0,8.5,4.00,1.20
20200214FRI29,2020-02-15 09:30:08,1:20:08,0,0,7.5,2.30,1.54
20200214FRI29,2020-02-15 09:30:08,1:20:08,0,0,8.5,4.00,1.20
20200214FRI29,2020-02-15 09:30:18,1:20:18,0,0,7.5,2.30,1.54
20200214FRI29,2020-02-15 09:30:18,1:20:18,0,0,8.5,4.00,1.20
20200214FRI29,2020-02-15 09:30:28,1:20:28,0,0,7.5,2.30,1.54
20200214FRI29,2020-02-15 09:30:28,1:20:28,0,0,8.5,4.00,1.20
20200214FRI29,2020-02-15 09:30:39,1:20:39,0,0,7.5,2.30,1.54
20200214FRI29,2020-02-15 09:30:39,1:20:39,0,0,8.5,4.00,1.20
20200214FRI29,2020-02-15 09:30:49,1:20:49,0,0,6.5,1.59,2.20
20200214FRI29,2020-02-15 09:30:49,1:20:49,0,0,7.5,2.43,1.49
20200214FRI29,2020-02-15 09:30:59,1:20:59,0,0,6.5,1.59,2.20
20200214FRI29,2020-02-15 09:30:59,1:20:59,0,0,7.5,2.43,1.49
20200214FRI29,2020-02-15 09:31:09,1:21:09,0,0,6.5,1.59,2.20
20200214FRI29,2020-02-15 09:31:09,1:21:09,0,0,7.5,2.43,1.49
20200214FRI29,2020-02-15 09:31:19,1:21:19,0,0,6.5,1.59,2.20
20200214FRI29,2020-02-15 09:31:19,1:21:19,0,0,7.5,2.43,1.49
20200214FRI29,2020-02-15 09:31:30,1:21:30,0,0,6.5,1.59,2.20
20200214FRI29,2020-02-15 09:31:30,1:21:30,0,0,7.5,2.43,1.49
20200214FRI29,2020-02-15 09:31:40,1:21:40,0,0,6.5,1.64,2.12
20200214FRI29,2020-02-15 09:31:40,1:21:40,0,0,7.5,2.58,1.44
20200214FRI29,2020-02-15 09:31:50,1:21:50,0,0,6.5,1.64,2.12
20200214FRI29,2020-02-15 09:31:50,1:21:50,0,0,7.5,2.58,1.44
20200214FRI29,2020-02-15 09:32:00,1:22:00,0,0,6.5,1.64,2.12
20200214FRI29,2020-02-15 09:32:00,1:22:00,0,0,7.5,2.58,1.44
20200214FRI29,2020-02-15 09:32:11,1:22:11,0,0,6.5,1.64,2.12
20200214FRI29,2020-02-15 09:32:11,1:22:11,0,0,7.5,2.58,1.44
20200214FRI29,2020-02-15 09:32:21,1:22:21,0,0,6.5,1.64,2.12
20200214FRI29,2020-02-15 09:32:21,1:22:21,0,0,7.5,2.58,1.44
20200214FRI29,2020-02-15 09:32:31,1:22:31,0,0,6.5,1.70,2.02
20200214FRI29,2020-02-15 09:32:31,1:22:31,0,0,7.5,2.72,1.40
20200214FRI29,2020-02-15 09:32:42,1:22:42,0,0,6.5,1.70,2.02
20200214FRI29,2020-02-15 09:32:42,1:22:42,0,0,7.5,2.72,1.40
20200214FRI29,2020-02-15 09:32:52,1:22:52,0,0,6.5,1.70,2.02
20200214FRI29,2020-02-15 09:32:52,1:22:52,0,0,7.5,2.72,1.40
20200214FRI29,2020-02-15 09:33:02,1:23:02,0,0,6.5,1.70,2.02
20200214FRI29,2020-02-15 09:33:02,1:23:02,0,0,7.5,2.72,1.40
20200214FRI29,2020-02-15 09:33:12,1:23:12,0,0,6.5,1.70,2.02
20200214FRI29,2020-02-15 09:33:12,1:23:12,0,0,7.5,2.72,1.40
20200214FRI29,2020-02-15 09:35:24,1:25:24,0,1,6.5,1.86,1.84
20200214FRI29,2020-02-15 09:35:24,1:25:24,0,1,7.5,3.25,1.29
20200214FRI29,2020-02-15 09:35:34,1:25:34,0,1,6.5,1.86,1.84
20200214FRI29,2020-02-15 09:35:34,1:25:34,0,1,7.5,3.25,1.29
20200214FRI29,2020-02-15 09:35:44,1:25:44,0,1,6.5,1.86,1.84
20200214FRI29,2020-02-15 09:35:44,1:25:44,0,1,7.5,3.25,1.29
20200214FRI29,2020-02-15 09:35:55,1:25:55,0,1,6.5,1.86,1.84
20200214FRI29,2020-02-15 09:35:55,1:25:55,0,1,7.5,3.25,1.29
20200214FRI29,2020-02-15 09:36:05,1:26:05,0,1,6.5,1.86,1.84
20200214FRI29,2020-02-15 09:36:05,1:26:05,0,1,7.5,3.25,1.29
20200214FRI29,2020-02-15 09:36:15,1:26:15,0,1,6.5,1.93,1.77
20200214FRI29,2020-02-15 09:36:15,1:26:15,0,1,7.5,3.45,1.26
20200214FRI29,2020-02-15 09:36:25,1:26:25,0,1,6.5,1.93,1.77
20200214FRI29,2020-02-15 09:36:25,1:26:25,0,1,7.5,3.45,1.26
20200214FRI29,2020-02-15 09:36:36,1:26:36,0,1,6.5,1.93,1.77
20200214FRI29,2020-02-15 09:36:36,1:26:36,0,1,7.5,3.45,1.26
20200214FRI29,2020-02-15 09:36:46,1:26:46,0,1,6.5,1.93,1.77
20200214FRI29,2020-02-15 09:36:46,1:26:46,0,1,7.5,3.45,1.26
20200214FRI29,2020-02-15 09:36:56,1:26:56,0,1,6.5,1.93,1.77
20200214FRI29,2020-02-15 09:36:56,1:26:56,0,1,7.5,3.45,1.26
20200214FRI29,2020-02-15 09:37:06,1:27:06,0,1,6.5,2.02,1.70
20200214FRI29,2020-02-15 09:37:06,1:27:06,0,1,7.5,3.70,1.23
20200214FRI29,2020-02-15 09:37:16,1:27:16,0,1,6.5,2.02,1.70
20200214FRI29,2020-02-15 09:37:16,1:27:16,0,1,7.5,3.70,1.23
20200214FRI29,2020-02-15 09:37:27,1:27:27,0,1,6.5,2.02,1.70
20200214FRI29,2020-02-15 09:37:27,1:27:27,0,1,7.5,3.70,1.23
20200214FRI29,2020-02-15 09:37:37,1:27:37,0,1,6.5,2.02,1.70
20200214FRI29,2020-02-15 09:37:37,1:27:37,0,1,7.5,3.70,1.23
20200214FRI29,2020-02-15 09:37:47,1:27:47,0,1,6.5,2.02,1.70
20200214FRI29,2020-02-15 09:37:47,1:27:47,0,1,7.5,3.70,1.23
20200214FRI29,2020-02-15 09:37:58,1:27:58,0,1,6.5,2.12,1.64
20200214FRI29,2020-02-15 09:37:58,1:27:58,0,1,7.5,4.00,1.20
20200214FRI29,2020-02-15 09:38:38,1:28:38,0,1,6.5,2.17,1.61
20200214FRI29,2020-02-15 09:38:38,1:28:38,0,1,7.5,4.10,1.19
20200214FRI29,2020-02-15 09:38:49,1:28:49,0,1,6.5,2.17,1.61
20200214FRI29,2020-02-15 09:38:49,1:28:49,0,1,7.5,4.10,1.19
20200214FRI29,2020-02-15 09:38:59,1:28:59,0,1,6.5,2.17,1.61
20200214FRI29,2020-02-15 09:38:59,1:28:59,0,1,7.5,4.10,1.19
20200214FRI29,2020-02-15 09:39:09,1:29:09,0,1,6.5,2.17,1.61
20200214FRI29,2020-02-15 09:39:09,1:29:09,0,1,7.5,4.10,1.19
20200214FRI29,2020-02-15 09:39:20,1:29:20,0,1,6.5,2.17,1.61
20200214FRI29,2020-02-15 09:39:20,1:29:20,0,1,7.5,4.10,1.19
20200214FRI29,2020-02-15 09:39:30,1:29:30,0,1,6.5,2.17,1.61
20200214FRI29,2020-02-15 09:39:30,1:29:30,0,1,7.5,4.10,1.19
20200214FRI29,2020-02-15 09:39:40,1:29:40,0,1,6.5,2.29,1.55
20200214FRI29,2020-02-15 09:39:40,1:29:40,0,1,7.5,4.50,1.16
20200214FRI29,2020-02-15 09:39:50,1:29:50,0,1,6.5,2.29,1.55
20200214FRI29,2020-02-15 09:39:50,1:29:50,0,1,7.5,4.50,1.16
20200214FRI29,2020-02-15 09:40:00,1:30:00,0,1,6.5,2.29,1.55
20200214FRI29,2020-02-15 09:40:00,1:30:00,0,1,7.5,4.50,1.16
20200214FRI29,2020-02-15 09:40:11,1:30:11,0,1,6.5,2.29,1.55
20200214FRI29,2020-02-15 09:40:11,1:30:11,0,1,7.5,4.50,1.16
20200214FRI29,2020-02-15 09:40:21,1:30:21,0,1,6.5,2.40,1.50
20200214FRI29,2020-02-15 09:40:21,1:30:21,0,1,7.5,4.90,1.14
20200214FRI29,2020-02-15 09:40:32,1:30:32,0,1,6.5,2.40,1.50
20200214FRI29,2020-02-15 09:40:32,1:30:32,0,1,7.5,4.90,1.14
20200214FRI29,2020-02-15 09:40:42,1:30:42,0,1,6.5,2.40,1.50
20200214FRI29,2020-02-15 09:40:42,1:30:42,0,1,7.5,4.90,1.14
20200214FRI29,2020-02-15 09:40:52,1:30:52,0,1,5.5,1.53,2.33
20200214FRI29,2020-02-15 09:40:52,1:30:52,0,1,6.5,2.60,1.43
20200214FRI29,2020-02-15 09:41:02,1:31:02,0,1,5.5,1.53,2.33
20200214FRI29,2020-02-15 09:41:02,1:31:02,0,1,6.5,2.60,1.43
20200214FRI29,2020-02-15 09:41:13,1:31:13,0,1,5.5,1.53,2.33
20200214FRI29,2020-02-15 09:41:13,1:31:13,0,1,6.5,2.60,1.43
20200214FRI29,2020-02-15 09:41:23,1:31:23,0,1,5.5,1.53,2.33
20200214FRI29,2020-02-15 09:41:23,1:31:23,0,1,6.5,2.60,1.43
20200214FRI29,2020-02-15 09:41:33,1:31:33,0,1,5.5,1.53,2.33
20200214FRI29,2020-02-15 09:41:33,1:31:33,0,1,6.5,2.60,1.43
20200214FRI29,2020-02-15 09:41:44,1:31:44,0,1,5.5,1.57,2.25
20200214FRI29,2020-02-15 09:41:44,1:31:44,0,1,6.5,2.75,1.39
20200214FRI29,2020-02-15 09:41:54,1:31:54,0,1,5.5,1.57,2.25
20200214FRI29,2020-02-15 09:41:54,1:31:54,0,1,6.5,2.75,1.39
20200214FRI29,2020-02-15 09:42:04,1:32:04,0,1,5.5,1.57,2.25
20200214FRI29,2020-02-15 09:42:04,1:32:04,0,1,6.5,2.75,1.39
20200214FRI29,2020-02-15 09:42:15,1:32:15,0,1,5.5,1.57,2.25
20200214FRI29,2020-02-15 09:42:15,1:32:15,0,1,6.5,2.75,1.39
20200214FRI29,2020-02-15 09:42:25,1:32:25,0,1,5.5,1.57,2.25
20200214FRI29,2020-02-15 09:42:25,1:32:25,0,1,6.5,2.75,1.39
20200214FRI29,2020-02-15 09:42:35,1:32:35,0,1,5.5,1.57,2.25
20200214FRI29,2020-02-15 09:42:35,1:32:35,0,1,6.5,2.75,1.39
20200214FRI29,2020-02-15 09:42:46,1:32:46,0,1,5.5,1.57,2.25
20200214FRI29,2020-02-15 09:42:46,1:32:46,0,1,6.5,2.75,1.39
20200214FRI29,2020-02-15 09:42:56,1:32:56,0,1,5.5,1.57,2.25
20200214FRI29,2020-02-15 09:42:56,1:32:56,0,1,6.5,2.75,1.39
20200214FRI29,2020-02-15 09:44:38,1:34:38,0,1,7.5,1.69,2.04
20200214FRI29,2020-02-15 09:44:38,1:34:38,0,1,8.5,3.25,1.29
20200214FRI29,2020-02-15 09:44:48,1:34:48,0,1,7.5,1.69,2.04
20200214FRI29,2020-02-15 09:44:48,1:34:48,0,1,8.5,3.25,1.29
20200214FRI29,2020-02-15 09:44:59,1:34:59,0,1,7.5,1.75,1.95
20200214FRI29,2020-02-15 09:44:59,1:34:59,0,1,8.5,3.45,1.26
20200214FRI29,2020-02-15 09:45:10,1:35:10,0,1,7.5,1.75,1.95
20200214FRI29,2020-02-15 09:45:10,1:35:10,0,1,8.5,3.45,1.26
20200214FRI29,2020-02-15 09:45:20,1:35:20,0,1,7.5,1.75,1.95
20200214FRI29,2020-02-15 09:45:20,1:35:20,0,1,8.5,3.45,1.26
20200214FRI29,2020-02-15 09:45:30,1:35:30,0,1,7.5,1.75,1.95
20200214FRI29,2020-02-15 09:45:30,1:35:30,0,1,8.5,3.45,1.26
20200214FRI29,2020-02-15 09:45:40,1:35:40,0,1,7.5,1.75,1.95
20200214FRI29,2020-02-15 09:45:40,1:35:40,0,1,8.5,3.45,1.26
20200214FRI29,2020-02-15 09:45:51,1:35:51,0,1,7.5,1.84,1.86
20200214FRI29,2020-02-15 09:45:51,1:35:51,0,1,8.5,3.70,1.23
20200214FRI29,2020-02-15 09:46:01,1:36:01,0,1,7.5,1.84,1.86
20200214FRI29,2020-02-15 09:46:01,1:36:01,0,1,8.5,3.70,1.23
20200214FRI29,2020-02-15 09:46:11,1:36:11,0,1,7.5,1.84,1.86
20200214FRI29,2020-02-15 09:46:11,1:36:11,0,1,8.5,3.70,1.23
20200214FRI29,2020-02-15 09:46:21,1:36:21,0,1,7.5,1.84,1.86
20200214FRI29,2020-02-15 09:46:21,1:36:21,0,1,8.5,3.70,1.23
20200214FRI29,2020-02-15 09:46:32,1:36:32,0,1,7.5,1.84,1.86
20200214FRI29,2020-02-15 09:46:32,1:36:32,0,1,8.5,3.70,1.23
20200214FRI29,2020-02-15 09:46:42,1:36:42,0,1,7.5,1.91,1.79
20200214FRI29,2020-02-15 09:46:42,1:36:42,0,1,8.5,4.10,1.19
20200214FRI29,2020-02-15 09:46:52,1:36:52,0,1,7.5,1.91,1.79
20200214FRI29,2020-02-15 09:46:52,1:36:52,0,1,8.5,4.10,1.19
20200214FRI29,2020-02-15 09:47:03,1:37:03,0,1,7.5,1.91,1.79
20200214FRI29,2020-02-15 09:47:03,1:37:03,0,1,8.5,4.10,1.19
20200214FRI29,2020-02-15 09:47:13,1:37:13,0,1,7.5,1.91,1.79
20200214FRI29,2020-02-15 09:47:13,1:37:13,0,1,8.5,4.10,1.19
20200214FRI29,2020-02-15 09:47:23,1:37:23,0,1,7.5,2.01,1.71
20200214FRI29,2020-02-15 09:47:23,1:37:23,0,1,8.5,4.40,1.17
20200214FRI29,2020-02-15 09:47:33,1:37:33,0,1,7.5,2.01,1.71
20200214FRI29,2020-02-15 09:47:33,1:37:33,0,1,8.5,4.40,1.17
20200214FRI29,2020-02-15 09:47:44,1:37:44,0,1,7.5,2.01,1.71
20200214FRI29,2020-02-15 09:47:44,1:37:44,0,1,8.5,4.40,1.17
20200214FRI29,2020-02-15 09:47:54,1:37:54,0,1,7.5,2.01,1.71
20200214FRI29,2020-02-15 09:47:54,1:37:54,0,1,8.5,4.40,1.17
